USE airline_db;

-- aircraft table data
DELETE FROM `aircraft`;
INSERT INTO `aircraft` (`aircraft_id`, `manufacturer`, `model`, `capacity_economy`, `capacity_business`, `capacity_first`, `range_km`, `cruise_speed_kmh`) VALUES
('A320-200', 'Airbus', 'A320-200', 150, 0, 0, 6100, 840),
('A321-200', 'Airbus', 'A321-200', 189, 0, 0, 5950, 840),
('A330-300', 'Airbus', 'A330-300', 277, 28, 0, 11750, 870),
('A350-900', 'Airbus', 'A350-900', 253, 44, 0, 15000, 903),
('A380-800', 'Airbus', 'A380-800', 399, 76, 14, 14800, 903),
('B737-900', 'Boeing', '737-900ER', 178, 0, 0, 5925, 823),
('B737-MAX', 'Boeing', '737 MAX 8', 172, 0, 0, 6570, 839),
('B747-8', 'Boeing', '747-8', 356, 48, 12, 14320, 917),
('B777-300', 'Boeing', '777-300ER', 301, 42, 8, 13650, 905),
('B787-9', 'Boeing', '787-9 Dreamliner', 248, 42, 0, 14140, 903);

-- airlines table data
DELETE FROM `airlines`;
INSERT INTO `airlines` (`airline_code`, `airline_name`, `country`, `fleet_size`, `headquarters`) VALUES
('AA', 'American Airlines', 'USA', 956, 'Fort Worth'),
('AF', 'Air France', 'France', 234, 'Paris'),
('BA', 'British Airways', 'UK', 278, 'London'),
('CA', 'Air China', 'China', 448, 'Beijing'),
('CZ', 'China Southern Airlines', 'China', 600, 'Guangzhou'),
('DL', 'Delta Air Lines', 'USA', 750, 'Atlanta'),
('EK', 'Emirates', 'UAE', 270, 'Dubai'),
('JL', 'Japan Airlines', 'Japan', 168, 'Tokyo'),
('KE', 'Korean Air', 'South Korea', 169, 'Seoul'),
('LH', 'Lufthansa', 'Germany', 300, 'Frankfurt'),
('MU', 'China Eastern Airlines', 'China', 550, 'Shanghai'),
('NH', 'All Nippon Airways', 'Japan', 233, 'Tokyo'),
('OZ', 'Asiana Airlines', 'South Korea', 82, 'Seoul'),
('SQ', 'Singapore Airlines', 'Singapore', 147, 'Singapore'),
('UA', 'United Airlines', 'USA', 854, 'Chicago');

-- airports table data
DELETE FROM `airports`;
INSERT INTO `airports` (`airport_code`, `airport_name`, `city`, `country`, `timezone`, `latitude`, `longitude`) VALUES
('CDG', 'Charles de Gaulle Airport', 'Paris', 'France', 'Europe/Paris', 49.00970000, 2.54790000),
('DXB', 'Dubai International Airport', 'Dubai', 'UAE', 'Asia/Dubai', 25.25320000, 55.36570000),
('FRA', 'Frankfurt Airport', 'Frankfurt', 'Germany', 'Europe/Berlin', 50.03790000, 8.56220000),
('GMP', 'Gimpo International Airport', 'Seoul', 'South Korea', 'Asia/Seoul', 37.55830000, 126.79060000),
('HKG', 'Hong Kong International Airport', 'Hong Kong', 'China', 'Asia/Hong_Kong', 22.30800000, 113.91850000),
('HND', 'Haneda Airport', 'Tokyo', 'Japan', 'Asia/Tokyo', 35.54940000, 139.77980000),
('ICN', 'Incheon International Airport', 'Seoul', 'South Korea', 'Asia/Seoul', 37.46020000, 126.44070000),
('JFK', 'John F. Kennedy International Airport', 'New York', 'USA', 'America/New_York', 40.64130000, -73.77810000),
('LAX', 'Los Angeles International Airport', 'Los Angeles', 'USA', 'America/Los_Angeles', 33.94250000, -118.40810000),
('LHR', 'Heathrow Airport', 'London', 'UK', 'Europe/London', 51.47000000, -0.45430000),
('NRT', 'Narita International Airport', 'Tokyo', 'Japan', 'Asia/Tokyo', 35.76530000, 140.38560000),
('ORD', 'Chicago O''Hare International Airport', 'Chicago', 'USA', 'America/Chicago', 41.97860000, -87.90480000),
('PEK', 'Beijing Capital International Airport', 'Beijing', 'China', 'Asia/Shanghai', 40.07990000, 116.60310000),
('SFO', 'San Francisco International Airport', 'San Francisco', 'USA', 'America/Los_Angeles', 37.62130000, -122.37900000),
('SIN', 'Singapore Changi Airport', 'Singapore', 'Singapore', 'Asia/Singapore', 1.36440000, 103.99150000);

-- bookings table data
DELETE FROM `bookings`;
INSERT INTO `bookings` (`booking_id`, `passenger_id`, `booking_date`, `total_price`, `currency`, `payment_status`, `booking_status`) VALUES
('056U03', 203, 2025-07-03 14:52:04, 4633.76, 'USD', 'PAID', 'CONFIRMED'),
('05C1D6', 62, 2025-08-02 14:52:04, 1267.70, 'USD', 'PAID', 'CONFIRMED'),
('061I4C', 124, 2025-06-06 14:52:04, 941.40, 'USD', 'PAID', 'CONFIRMED'),
('08CDFY', 29, 2025-08-14 14:52:04, 697.54, 'USD', 'PAID', 'CONFIRMED'),
('09AR8V', 358, 2025-07-21 14:52:04, 1039.04, 'USD', 'PENDING', 'CONFIRMED'),
('09QAMH', 519, 2025-06-22 14:52:04, 1241.99, 'USD', 'PAID', 'CONFIRMED'),
('0CFEXN', 562, 2025-07-11 14:52:04, 2709.51, 'USD', 'CANCELLED', 'CONFIRMED'),
('0DNLIR', 120, 2025-06-05 14:52:04, 2364.89, 'USD', 'CANCELLED', 'CANCELLED'),
('0JIDWV', 218, 2025-07-17 14:52:04, 4274.91, 'USD', 'PAID', 'CONFIRMED'),
('0JQPV6', 54, 2025-06-13 14:52:04, 1084.64, 'USD', 'PAID', 'CONFIRMED'),
('0PTEKD', 355, 2025-07-15 14:52:04, 10882.77, 'USD', 'PAID', 'CONFIRMED'),
('0Q2SB4', 289, 2025-08-16 14:52:04, 4842.41, 'USD', 'PAID', 'CONFIRMED'),
('0W4MPY', 486, 2025-07-19 14:52:04, 8301.20, 'USD', 'PAID', 'CONFIRMED'),
('0WEI0N', 120, 2025-07-01 14:52:04, 2652.90, 'USD', 'PAID', 'CONFIRMED'),
('0WJWX4', 152, 2025-06-19 14:52:04, 11832.06, 'USD', 'PENDING', 'CONFIRMED'),
('18M4BC', 380, 2025-07-30 14:52:04, 9609.38, 'USD', 'PAID', 'CONFIRMED'),
('1PSRLH', 127, 2025-07-18 14:52:04, 1713.77, 'USD', 'PAID', 'CONFIRMED'),
('1RLBOQ', 26, 2025-07-30 14:52:04, 8858.50, 'USD', 'PAID', 'CONFIRMED'),
('1RWMEL', 508, 2025-06-05 14:52:04, 1808.36, 'USD', 'PAID', 'CONFIRMED'),
('1WXBGQ', 538, 2025-08-13 14:52:04, 3074.27, 'USD', 'PAID', 'CONFIRMED'),
('1X9LSV', 99, 2025-07-15 14:52:04, 3918.92, 'USD', 'PAID', 'CONFIRMED'),
('22D1CU', 575, 2025-07-20 14:52:04, 4157.04, 'USD', 'PAID', 'CONFIRMED'),
('25JV67', 180, 2025-08-01 14:52:04, 3152.77, 'USD', 'PAID', 'CONFIRMED'),
('274C0V', 528, 2025-08-18 14:52:04, 1892.67, 'USD', 'PAID', 'CONFIRMED'),
('2GUQ4X', 83, 2025-06-05 14:52:04, 2793.99, 'USD', 'PAID', 'CONFIRMED'),
('2L5I2V', 538, 2025-08-07 14:52:04, 5589.30, 'USD', 'CANCELLED', 'CONFIRMED'),
('2M7IKR', 468, 2025-06-03 14:52:04, 2814.52, 'USD', 'PAID', 'CONFIRMED'),
('2Y38N1', 564, 2025-07-28 14:52:04, 1316.87, 'USD', 'PAID', 'CONFIRMED'),
('32L7XX', 307, 2025-08-19 14:52:04, 898.04, 'USD', 'PAID', 'CONFIRMED'),
('33LYIT', 32, 2025-08-18 14:52:04, 4756.23, 'USD', 'PAID', 'CONFIRMED'),
('33MLY5', 558, 2025-07-27 14:52:04, 5959.21, 'USD', 'PAID', 'CONFIRMED'),
('34OGZZ', 164, 2025-07-01 14:52:04, 4895.52, 'USD', 'PAID', 'CONFIRMED'),
('37YE2U', 528, 2025-07-03 14:52:04, 4125.98, 'USD', 'PAID', 'CONFIRMED'),
('3G1FNQ', 177, 2025-06-08 14:52:04, 8316.28, 'USD', 'PAID', 'CONFIRMED'),
('3G3JKX', 485, 2025-08-04 14:52:04, 3838.93, 'USD', 'PAID', 'CONFIRMED'),
('3WVBY2', 388, 2025-08-26 14:52:04, 2242.71, 'USD', 'CANCELLED', 'CONFIRMED'),
('41IDJ0', 475, 2025-08-25 14:52:04, 13847.58, 'USD', 'PAID', 'CONFIRMED'),
('41M3PV', 470, 2025-07-23 14:52:04, 3431.75, 'USD', 'PAID', 'CONFIRMED'),
('41OO1D', 600, 2025-06-28 14:52:04, 9834.00, 'USD', 'PAID', 'CONFIRMED'),
('42N9ZV', 73, 2025-06-02 14:52:04, 9973.89, 'USD', 'PAID', 'CONFIRMED'),
('4337HJ', 333, 2025-08-11 14:52:04, 2606.55, 'USD', 'PAID', 'CONFIRMED'),
('43BWMZ', 283, 2025-06-09 14:52:04, 8956.55, 'USD', 'PAID', 'CONFIRMED'),
('44R76U', 394, 2025-08-03 14:52:04, 3358.96, 'USD', 'PAID', 'CONFIRMED'),
('4DA6IZ', 29, 2025-06-10 14:52:04, 2449.47, 'USD', 'PAID', 'CONFIRMED'),
('4LSW7B', 231, 2025-06-08 14:52:04, 4260.29, 'USD', 'PAID', 'CONFIRMED'),
('4M538A', 107, 2025-08-01 14:52:04, 815.72, 'USD', 'PAID', 'CONFIRMED'),
('4RLCEU', 308, 2025-06-06 14:52:04, 4153.51, 'USD', 'PAID', 'CONFIRMED'),
('4S99EM', 26, 2025-07-29 14:52:04, 10969.72, 'USD', 'PAID', 'CONFIRMED'),
('4XDS34', 494, 2025-06-22 14:52:04, 3800.70, 'USD', 'PAID', 'CONFIRMED'),
('4XRZ6X', 135, 2025-08-17 14:52:04, 3691.95, 'USD', 'PAID', 'CONFIRMED'),
('52V68M', 272, 2025-06-21 14:52:04, 14132.30, 'USD', 'PAID', 'CONFIRMED'),
('5303ZF', 26, 2025-08-18 14:52:04, 6615.59, 'USD', 'CANCELLED', 'CANCELLED'),
('5AP8TC', 183, 2025-08-20 14:52:04, 5403.38, 'USD', 'PAID', 'CONFIRMED'),
('5QFZ68', 497, 2025-08-02 14:52:04, 4899.71, 'USD', 'PAID', 'CONFIRMED'),
('5USBSF', 415, 2025-06-16 14:52:04, 1213.74, 'USD', 'PAID', 'CONFIRMED'),
('60NWQG', 193, 2025-06-27 14:52:04, 4060.53, 'USD', 'PAID', 'CONFIRMED'),
('66J895', 528, 2025-07-01 14:52:04, 4974.91, 'USD', 'PAID', 'CONFIRMED'),
('67CIZT', 452, 2025-06-27 14:52:04, 3773.01, 'USD', 'PAID', 'CONFIRMED'),
('695RJL', 497, 2025-08-21 14:52:04, 4908.50, 'USD', 'PAID', 'CONFIRMED'),
('6JLJNH', 531, 2025-07-12 14:52:04, 5752.23, 'USD', 'PAID', 'CONFIRMED'),
('6QDGG0', 420, 2025-08-25 14:52:04, 8963.31, 'USD', 'PAID', 'CONFIRMED'),
('6VDQPO', 486, 2025-07-16 14:52:04, 3917.10, 'USD', 'PAID', 'CONFIRMED'),
('6W9WQI', 460, 2025-07-27 14:52:04, 3706.32, 'USD', 'PAID', 'CONFIRMED'),
('717V0P', 415, 2025-08-19 14:52:04, 5313.80, 'USD', 'PAID', 'CONFIRMED'),
('7A2MGU', 10, 2025-06-10 14:52:04, 3266.49, 'USD', 'PAID', 'CONFIRMED'),
('7B50WU', 455, 2025-06-16 14:52:04, 3944.24, 'USD', 'PENDING', 'CONFIRMED'),
('7HN4KP', 106, 2025-06-24 14:52:04, 2322.93, 'USD', 'CANCELLED', 'CONFIRMED'),
('7IBV4V', 600, 2025-06-18 14:52:04, 1876.44, 'USD', 'PAID', 'CONFIRMED'),
('7JR0MY', 33, 2025-06-07 14:52:04, 2176.80, 'USD', 'PENDING', 'CANCELLED'),
('7Q6NK6', 367, 2025-08-23 14:52:04, 8307.35, 'USD', 'PAID', 'CONFIRMED'),
('7T2K9F', 41, 2025-06-03 14:52:04, 1454.32, 'USD', 'PAID', 'CONFIRMED'),
('7T4QGA', 374, 2025-06-07 14:52:04, 5151.32, 'USD', 'PAID', 'CONFIRMED'),
('7V93O4', 455, 2025-06-14 14:52:04, 1975.50, 'USD', 'PAID', 'CONFIRMED'),
('7VAPMH', 70, 2025-08-18 14:52:04, 7647.87, 'USD', 'PAID', 'CONFIRMED'),
('81RA0W', 311, 2025-07-06 14:52:04, 3812.58, 'USD', 'PAID', 'CONFIRMED'),
('8I3RA3', 38, 2025-07-19 14:52:04, 8736.57, 'USD', 'PAID', 'CONFIRMED'),
('8JJX21', 191, 2025-07-19 14:52:04, 2111.91, 'USD', 'PAID', 'CONFIRMED'),
('8MAIWL', 44, 2025-06-30 14:52:04, 18794.35, 'USD', 'PAID', 'CONFIRMED'),
('8ZR5LV', 260, 2025-06-27 14:52:04, 1862.13, 'USD', 'PAID', 'CONFIRMED'),
('92PJKD', 83, 2025-06-04 14:52:04, 2541.54, 'USD', 'PAID', 'CONFIRMED'),
('9345ZC', 367, 2025-06-19 14:52:04, 1660.01, 'USD', 'PAID', 'CONFIRMED'),
('9N52VU', 132, 2025-07-27 14:52:04, 636.88, 'USD', 'CANCELLED', 'CANCELLED'),
('9NCDOO', 374, 2025-05-30 14:52:04, 16683.93, 'USD', 'PAID', 'CONFIRMED'),
('9QDLNO', 10, 2025-08-05 14:52:04, 3374.79, 'USD', 'PAID', 'CONFIRMED'),
('9RQGBK', 132, 2025-05-31 14:52:04, 2000.00, 'USD', 'CANCELLED', 'CONFIRMED'),
('A0UVWU', 381, 2025-08-19 14:52:04, 2570.85, 'USD', 'PAID', 'CONFIRMED'),
('A7VL2J', 305, 2025-08-23 14:52:04, 1392.94, 'USD', 'PAID', 'CONFIRMED'),
('A89AU7', 397, 2025-08-11 14:52:04, 695.65, 'USD', 'PAID', 'CONFIRMED'),
('A8YRJQ', 380, 2025-06-13 14:52:04, 1284.50, 'USD', 'PAID', 'CONFIRMED'),
('A91UO1', 208, 2025-07-15 14:52:04, 2059.70, 'USD', 'PAID', 'CONFIRMED'),
('A9LT76', 146, 2025-08-09 14:52:04, 1521.90, 'USD', 'CANCELLED', 'CONFIRMED'),
('A9XKMU', 180, 2025-06-30 14:52:04, 4425.12, 'USD', 'CANCELLED', 'CONFIRMED'),
('ABC123', 1, 2025-08-28 18:50:42, 1250.00, 'USD', 'PAID', 'CONFIRMED'),
('AERSUF', 468, 2025-06-01 14:52:04, 2788.72, 'USD', 'PAID', 'CONFIRMED'),
('AJ78AF', 558, 2025-08-03 14:52:04, 2268.75, 'USD', 'PAID', 'CONFIRMED'),
('AJ79TM', 597, 2025-06-16 14:52:04, 1013.45, 'USD', 'PAID', 'CONFIRMED'),
('ALGT93', 260, 2025-06-22 14:52:04, 5206.96, 'USD', 'PAID', 'CONFIRMED'),
('APCN59', 301, 2025-06-13 14:52:04, 4370.76, 'USD', 'PAID', 'CONFIRMED'),
('APGNOU', 600, 2025-06-21 14:52:04, 3774.53, 'USD', 'PAID', 'CONFIRMED'),
('AX1UQM', 587, 2025-06-06 14:52:04, 3023.64, 'USD', 'PAID', 'CONFIRMED'),
('AYV0CG', 10, 2025-06-02 14:52:04, 1977.84, 'USD', 'PAID', 'CONFIRMED'),
('BCD890', 10, 2025-08-28 18:50:42, 3100.00, 'USD', 'PAID', 'CONFIRMED'),
('BIJ1YW', 105, 2025-07-05 14:52:04, 4256.45, 'USD', 'PAID', 'CONFIRMED'),
('BNQLJS', 355, 2025-07-01 14:52:04, 3857.35, 'USD', 'PENDING', 'CONFIRMED'),
('BXQTYA', 561, 2025-07-23 14:52:04, 544.81, 'USD', 'PAID', 'CONFIRMED'),
('C3D7N3', 316, 2025-07-26 14:52:04, 6788.16, 'USD', 'PAID', 'CONFIRMED'),
('C9PC9I', 237, 2025-06-17 14:52:04, 7268.60, 'USD', 'PAID', 'CONFIRMED'),
('CKBWBL', 317, 2025-07-08 14:52:04, 712.29, 'USD', 'PAID', 'CONFIRMED'),
('CM6FOJ', 316, 2025-08-22 14:52:04, 3584.84, 'USD', 'PAID', 'CONFIRMED'),
('CMNZ3G', 452, 2025-07-07 14:52:04, 9455.97, 'USD', 'PAID', 'CONFIRMED'),
('CQAL69', 48, 2025-06-07 14:52:04, 970.04, 'USD', 'PAID', 'CONFIRMED'),
('CQW26C', 153, 2025-06-24 14:52:04, 874.90, 'USD', 'PAID', 'CONFIRMED'),
('CSX1Q8', 29, 2025-06-04 14:52:04, 2974.54, 'USD', 'PENDING', 'CONFIRMED'),
('CVKPPC', 118, 2025-06-27 14:52:04, 7758.33, 'USD', 'PAID', 'CONFIRMED'),
('CYLNXX', 496, 2025-08-26 14:52:04, 5871.33, 'USD', 'PENDING', 'CONFIRMED'),
('D04W50', 380, 2025-08-23 14:52:04, 9238.17, 'USD', 'PAID', 'CONFIRMED'),
('D3ESY2', 567, 2025-06-15 14:52:04, 8838.89, 'USD', 'PAID', 'CONFIRMED'),
('D85ANP', 241, 2025-07-09 14:52:04, 813.78, 'USD', 'PAID', 'CONFIRMED'),
('DEF456', 2, 2025-08-28 18:50:42, 1180.00, 'USD', 'PAID', 'CONFIRMED'),
('DH8RQ5', 542, 2025-08-22 14:52:04, 1685.73, 'USD', 'PENDING', 'CONFIRMED'),
('DHHPX0', 286, 2025-06-24 14:52:04, 946.07, 'USD', 'PAID', 'CONFIRMED'),
('E5D0VU', 393, 2025-07-24 14:52:04, 2540.00, 'USD', 'PAID', 'CONFIRMED'),
('E9J6NI', 426, 2025-08-14 14:52:04, 2924.35, 'USD', 'PAID', 'CONFIRMED'),
('EB0F51', 496, 2025-07-07 14:52:04, 5900.93, 'USD', 'PAID', 'CONFIRMED'),
('EIR9BV', 362, 2025-07-29 14:52:04, 3621.39, 'USD', 'PAID', 'CONFIRMED'),
('EQEI5E', 580, 2025-08-20 14:52:04, 2962.89, 'USD', 'PAID', 'CONFIRMED'),
('ERBTIX', 121, 2025-07-19 14:52:04, 5416.79, 'USD', 'PENDING', 'CANCELLED'),
('ETE9OK', 83, 2025-06-26 14:52:04, 563.93, 'USD', 'PAID', 'CONFIRMED'),
('EWJF3Q', 348, 2025-08-05 14:52:04, 2653.79, 'USD', 'PAID', 'CONFIRMED'),
('EYV0BY', 80, 2025-08-16 14:52:04, 4436.40, 'USD', 'PAID', 'CONFIRMED'),
('F5IAAR', 430, 2025-07-13 14:52:04, 1602.76, 'USD', 'PAID', 'CONFIRMED'),
('F7HXAU', 348, 2025-06-04 14:52:04, 908.72, 'USD', 'PENDING', 'CANCELLED'),
('F9DJ42', 346, 2025-07-05 14:52:04, 2216.74, 'USD', 'PAID', 'CONFIRMED'),
('FM94NY', 206, 2025-06-06 14:52:04, 3536.67, 'USD', 'PAID', 'CONFIRMED'),
('FMQJ5I', 298, 2025-08-10 14:52:04, 4594.50, 'USD', 'PENDING', 'CONFIRMED'),
('FVC1UI', 26, 2025-06-25 14:52:04, 4588.10, 'USD', 'CANCELLED', 'CANCELLED'),
('FWTB31', 48, 2025-08-24 14:52:04, 4771.94, 'USD', 'PAID', 'CONFIRMED'),
('FYSLMI', 136, 2025-08-10 14:52:04, 10021.61, 'USD', 'PAID', 'CONFIRMED'),
('GBI8BW', 387, 2025-07-13 14:52:04, 3006.45, 'USD', 'PAID', 'CONFIRMED'),
('GFZORI', 132, 2025-08-09 14:52:04, 11832.74, 'USD', 'PAID', 'CONFIRMED'),
('GHI789', 3, 2025-08-28 18:50:42, 2800.00, 'USD', 'PAID', 'CONFIRMED'),
('GQH6SX', 444, 2025-05-30 14:52:04, 2457.72, 'USD', 'PAID', 'CONFIRMED'),
('GTM0ZQ', 161, 2025-06-07 14:52:04, 2963.01, 'USD', 'PAID', 'CONFIRMED'),
('GZLTFL', 59, 2025-07-03 14:52:04, 2778.50, 'USD', 'PENDING', 'CONFIRMED'),
('H1XME1', 84, 2025-05-31 14:52:04, 8761.35, 'USD', 'PAID', 'CONFIRMED'),
('H30QUO', 157, 2025-07-16 14:52:04, 4461.58, 'USD', 'PAID', 'CONFIRMED'),
('H8FPHN', 74, 2025-07-07 14:52:04, 1589.21, 'USD', 'PAID', 'CONFIRMED'),
('HK9RVW', 305, 2025-06-17 14:52:04, 1737.88, 'USD', 'PAID', 'CONFIRMED'),
('HP6LG7', 77, 2025-06-06 14:52:04, 4818.87, 'USD', 'PAID', 'CONFIRMED'),
('HRH8Y9', 531, 2025-07-07 14:52:04, 7358.93, 'USD', 'PAID', 'CONFIRMED'),
('HRKGUW', 136, 2025-06-20 14:52:04, 2484.87, 'USD', 'PAID', 'CONFIRMED'),
('HTDK3E', 210, 2025-06-15 14:52:04, 4854.67, 'USD', 'PENDING', 'CONFIRMED'),
('I1LML3', 73, 2025-06-21 14:52:04, 2154.70, 'USD', 'PAID', 'CONFIRMED'),
('I2AXPL', 174, 2025-06-06 14:52:04, 1658.81, 'USD', 'PAID', 'CONFIRMED'),
('I4LDRI', 575, 2025-08-04 14:52:04, 2192.00, 'USD', 'PAID', 'CONFIRMED'),
('I7BLKF', 426, 2025-06-19 14:52:04, 8909.93, 'USD', 'PAID', 'CONFIRMED'),
('I8RGA6', 146, 2025-07-29 14:52:04, 10083.47, 'USD', 'CANCELLED', 'CONFIRMED'),
('I8Z8EL', 562, 2025-07-20 14:52:04, 2264.08, 'USD', 'PAID', 'CONFIRMED'),
('IG8QZF', 206, 2025-08-21 14:52:04, 3604.12, 'USD', 'PAID', 'CONFIRMED'),
('IQJUI8', 377, 2025-07-07 14:52:04, 12550.13, 'USD', 'PAID', 'CONFIRMED'),
('ISQ83Y', 199, 2025-06-13 14:52:04, 2028.09, 'USD', 'PENDING', 'CONFIRMED'),
('J798FN', 84, 2025-06-06 14:52:04, 8021.22, 'USD', 'PAID', 'CONFIRMED'),
('JEG6F7', 56, 2025-07-01 14:52:04, 1464.34, 'USD', 'PAID', 'CONFIRMED'),
('JEHBSE', 69, 2025-07-04 14:52:04, 4634.47, 'USD', 'PAID', 'CONFIRMED'),
('JICRT4', 526, 2025-07-31 14:52:04, 7544.51, 'USD', 'PAID', 'CONFIRMED'),
('JIQY7T', 237, 2025-08-02 14:52:04, 4190.87, 'USD', 'PAID', 'CONFIRMED'),
('JKL012', 4, 2025-08-28 18:50:42, 1350.00, 'USD', 'PENDING', 'CONFIRMED'),
('JPTNOE', 120, 2025-07-09 14:52:04, 3036.96, 'USD', 'PAID', 'CONFIRMED'),
('JTJKC0', 161, 2025-08-12 14:52:04, 4109.24, 'USD', 'PAID', 'CONFIRMED'),
('JV3SCD', 159, 2025-08-18 14:52:04, 605.53, 'USD', 'PAID', 'CONFIRMED'),
('JVGUBH', 562, 2025-07-23 14:52:04, 1209.39, 'USD', 'PAID', 'CONFIRMED'),
('K2VHK2', 128, 2025-07-04 14:52:04, 4290.60, 'USD', 'PAID', 'CONFIRMED'),
('KA48IL', 486, 2025-06-21 14:52:04, 7704.13, 'USD', 'PENDING', 'CONFIRMED'),
('KLL7T5', 23, 2025-06-03 14:52:04, 1041.61, 'USD', 'PAID', 'CONFIRMED'),
('KN2MSV', 362, 2025-06-19 14:52:04, 3297.33, 'USD', 'PENDING', 'CANCELLED'),
('KNWLX7', 486, 2025-07-20 14:52:04, 945.70, 'USD', 'PAID', 'CONFIRMED'),
('L67K90', 380, 2025-06-19 14:52:04, 14661.99, 'USD', 'PENDING', 'CANCELLED'),
('LDERI5', 232, 2025-06-05 14:52:04, 8540.59, 'USD', 'PAID', 'CONFIRMED'),
('LI98CD', 520, 2025-08-13 14:52:04, 9188.24, 'USD', 'PENDING', 'CANCELLED'),
('LIN2WW', 531, 2025-07-18 14:52:04, 4728.32, 'USD', 'PAID', 'CONFIRMED'),
('LO6FXU', 14, 2025-06-12 14:52:04, 3371.21, 'USD', 'PAID', 'CONFIRMED'),
('LP5YZ9', 299, 2025-07-24 14:52:04, 7457.72, 'USD', 'PAID', 'CONFIRMED'),
('LRDKQW', 280, 2025-08-23 14:52:04, 1481.93, 'USD', 'PAID', 'CONFIRMED'),
('M5Q1UT', 448, 2025-07-01 14:52:04, 2058.43, 'USD', 'PAID', 'CONFIRMED'),
('MCG3WJ', 361, 2025-07-03 14:52:04, 4971.71, 'USD', 'PAID', 'CONFIRMED'),
('MKQLZW', 78, 2025-08-22 14:52:04, 3614.36, 'USD', 'PAID', 'CONFIRMED'),
('MMWSOD', 85, 2025-06-30 14:52:04, 5706.92, 'USD', 'PAID', 'CONFIRMED'),
('MNO345', 5, 2025-08-28 18:50:42, 1150.00, 'USD', 'PAID', 'CONFIRMED'),
('MSYCCJ', 562, 2025-08-11 14:52:04, 4006.31, 'USD', 'PAID', 'CONFIRMED'),
('MTNNQ4', 520, 2025-07-30 14:52:04, 2666.08, 'USD', 'PAID', 'CONFIRMED'),
('MU3M8O', 452, 2025-07-10 14:52:04, 971.04, 'USD', 'PAID', 'CONFIRMED'),
('MWBPMT', 531, 2025-07-06 14:52:04, 1719.98, 'USD', 'PAID', 'CONFIRMED'),
('N3AQQZ', 16, 2025-08-13 14:52:04, 3679.73, 'USD', 'PAID', 'CONFIRMED'),
('N5K08Z', 83, 2025-07-06 14:52:04, 7970.05, 'USD', 'PAID', 'CONFIRMED'),
('N6SU3A', 589, 2025-06-03 14:52:04, 4605.54, 'USD', 'PAID', 'CONFIRMED'),
('N89FU5', 366, 2025-08-23 14:52:04, 4724.15, 'USD', 'PAID', 'CONFIRMED'),
('N8K3LU', 174, 2025-07-22 14:52:04, 2210.94, 'USD', 'PAID', 'CONFIRMED'),
('N8P7SN', 531, 2025-06-15 14:52:04, 1038.90, 'USD', 'CANCELLED', 'CONFIRMED'),
('NDVN90', 164, 2025-06-14 14:52:04, 2390.86, 'USD', 'PAID', 'CONFIRMED'),
('NFRWDZ', 355, 2025-08-19 14:52:04, 8000.89, 'USD', 'PAID', 'CONFIRMED'),
('NIJNRR', 388, 2025-08-21 14:52:04, 2356.68, 'USD', 'PAID', 'CONFIRMED'),
('NN6NTE', 398, 2025-07-06 14:52:04, 9972.58, 'USD', 'PAID', 'CONFIRMED'),
('NPX06A', 565, 2025-06-09 14:52:04, 4905.47, 'USD', 'PAID', 'CONFIRMED'),
('NTSNLZ', 20, 2025-07-02 14:52:04, 8590.84, 'USD', 'PAID', 'CONFIRMED'),
('O1OH96', 581, 2025-06-04 14:52:04, 3547.34, 'USD', 'PAID', 'CONFIRMED'),
('OGA5UY', 494, 2025-06-24 14:52:04, 7273.81, 'USD', 'PAID', 'CONFIRMED'),
('OJNTU9', 366, 2025-06-25 14:52:04, 11884.45, 'USD', 'PAID', 'CONFIRMED'),
('OJQ9F2', 366, 2025-07-26 14:52:04, 9500.92, 'USD', 'PAID', 'CONFIRMED'),
('OSTK67', 569, 2025-06-14 14:52:04, 923.97, 'USD', 'PAID', 'CONFIRMED'),
('OTTBZQ', 508, 2025-08-21 14:52:04, 12657.24, 'USD', 'PAID', 'CONFIRMED'),
('OWLFQB', 455, 2025-06-29 14:52:04, 4940.75, 'USD', 'PAID', 'CONFIRMED'),
('OXUBWA', 62, 2025-08-01 14:52:04, 3923.98, 'USD', 'PAID', 'CONFIRMED'),
('P4EVCI', 50, 2025-06-08 14:52:04, 4477.58, 'USD', 'PAID', 'CONFIRMED'),
('P6EZEL', 561, 2025-07-23 14:52:04, 2498.42, 'USD', 'PAID', 'CONFIRMED'),
('PFRUFT', 122, 2025-06-24 14:52:04, 658.71, 'USD', 'PAID', 'CONFIRMED'),
('PJTDLF', 450, 2025-06-23 14:52:04, 3361.09, 'USD', 'PAID', 'CONFIRMED'),
('POXBJ4', 210, 2025-07-26 14:52:04, 4203.38, 'USD', 'PAID', 'CONFIRMED'),
('PQCQHG', 420, 2025-06-10 14:52:04, 8398.89, 'USD', 'PAID', 'CONFIRMED'),
('PQR678', 6, 2025-08-28 18:50:42, 3500.00, 'USD', 'PAID', 'CONFIRMED'),
('PZP746', 574, 2025-06-15 14:52:04, 13023.87, 'USD', 'PAID', 'CONFIRMED'),
('Q4SEUB', 558, 2025-06-21 14:52:04, 3525.30, 'USD', 'PAID', 'CONFIRMED'),
('Q5EMMD', 429, 2025-07-20 14:52:04, 12034.71, 'USD', 'PAID', 'CONFIRMED'),
('QATFK1', 370, 2025-06-13 14:52:04, 4610.87, 'USD', 'PENDING', 'CONFIRMED'),
('QIXBVM', 565, 2025-07-14 14:52:04, 1881.44, 'USD', 'PAID', 'CONFIRMED'),
('QMOASL', 73, 2025-08-22 14:52:04, 12050.52, 'USD', 'PAID', 'CONFIRMED'),
('QN512P', 508, 2025-08-08 14:52:04, 2831.49, 'USD', 'PAID', 'CONFIRMED'),
('QP1E86', 453, 2025-07-21 14:52:04, 2569.40, 'USD', 'PAID', 'CONFIRMED'),
('QUOZGR', 226, 2025-08-26 14:52:04, 3363.76, 'USD', 'PAID', 'CONFIRMED'),
('QWW5FV', 432, 2025-06-16 14:52:04, 1818.13, 'USD', 'PAID', 'CONFIRMED'),
('QZWVX0', 454, 2025-06-14 14:52:04, 2618.23, 'USD', 'PAID', 'CONFIRMED'),
('R3BAH0', 284, 2025-06-09 14:52:04, 9718.36, 'USD', 'CANCELLED', 'CANCELLED'),
('RQH8HE', 531, 2025-06-10 14:52:04, 632.14, 'USD', 'PAID', 'CONFIRMED'),
('RRR9CU', 468, 2025-08-10 14:52:04, 7958.28, 'USD', 'PAID', 'CONFIRMED'),
('RWZ3AS', 593, 2025-06-06 14:52:04, 1012.03, 'USD', 'PENDING', 'CONFIRMED'),
('RXMANW', 367, 2025-06-15 14:52:04, 2274.04, 'USD', 'PAID', 'CONFIRMED'),
('RXVM39', 366, 2025-07-31 14:52:04, 8402.43, 'USD', 'PAID', 'CONFIRMED'),
('S18E72', 596, 2025-08-03 14:52:04, 1698.18, 'USD', 'PAID', 'CONFIRMED'),
('S5H2AY', 217, 2025-06-11 14:52:04, 1801.20, 'USD', 'PAID', 'CONFIRMED'),
('S79REU', 251, 2025-08-25 14:52:04, 3360.80, 'USD', 'PAID', 'CONFIRMED'),
('S9G1EO', 361, 2025-06-25 14:52:04, 4992.67, 'USD', 'PAID', 'CONFIRMED'),
('SB0R8P', 226, 2025-07-04 14:52:04, 979.24, 'USD', 'PAID', 'CONFIRMED'),
('SGI5HD', 581, 2025-07-20 14:52:04, 4082.83, 'USD', 'PAID', 'CONFIRMED'),
('SH7XQI', 58, 2025-07-06 14:52:04, 3408.57, 'USD', 'PAID', 'CONFIRMED'),
('SS09AV', 575, 2025-07-20 14:52:04, 847.51, 'USD', 'PAID', 'CONFIRMED'),
('SS2TFU', 500, 2025-06-07 14:52:04, 4287.61, 'USD', 'PAID', 'CONFIRMED'),
('SS3W6Z', 466, 2025-06-01 14:52:04, 8928.63, 'USD', 'PENDING', 'CONFIRMED'),
('STU901', 7, 2025-08-28 18:50:42, 2200.00, 'EUR', 'PAID', 'CONFIRMED'),
('SUUQ2G', 33, 2025-07-28 14:52:04, 732.94, 'USD', 'PAID', 'CONFIRMED'),
('T1MF9T', 553, 2025-06-16 14:52:04, 6484.52, 'USD', 'PAID', 'CONFIRMED'),
('TBY9KQ', 333, 2025-06-06 14:52:04, 6840.04, 'USD', 'PENDING', 'CONFIRMED'),
('TG02B0', 152, 2025-07-19 14:52:04, 3716.92, 'USD', 'PAID', 'CONFIRMED'),
('TIMIJI', 454, 2025-08-19 14:52:04, 7083.63, 'USD', 'PAID', 'CONFIRMED'),
('TWSZ3D', 76, 2025-08-18 14:52:04, 8705.06, 'USD', 'PAID', 'CONFIRMED'),
('TYC0L7', 36, 2025-06-07 14:52:04, 4560.28, 'USD', 'PAID', 'CONFIRMED'),
('U57H7J', 64, 2025-08-19 14:52:04, 4156.17, 'USD', 'PAID', 'CONFIRMED'),
('U7QSNC', 497, 2025-06-27 14:52:04, 3366.61, 'USD', 'PAID', 'CONFIRMED'),
('U8K3ZD', 392, 2025-07-20 14:52:04, 3202.40, 'USD', 'CANCELLED', 'CONFIRMED'),
('U8K5P6', 600, 2025-06-12 14:52:04, 4477.25, 'USD', 'PAID', 'CONFIRMED'),
('ULWYAT', 578, 2025-07-17 14:52:04, 2895.05, 'USD', 'PENDING', 'CONFIRMED'),
('UOPL99', 495, 2025-06-03 14:52:04, 4683.04, 'USD', 'PAID', 'CONFIRMED'),
('URQZ22', 387, 2025-06-11 14:52:04, 1120.23, 'USD', 'PAID', 'CONFIRMED'),
('US58OS', 180, 2025-06-21 14:52:04, 1135.21, 'USD', 'PENDING', 'CONFIRMED'),
('UU5696', 336, 2025-08-17 14:52:04, 1994.20, 'USD', 'PAID', 'CONFIRMED'),
('UZQVQ0', 314, 2025-07-21 14:52:04, 4702.28, 'USD', 'PAID', 'CONFIRMED'),
('V0WCVO', 248, 2025-06-22 14:52:04, 4431.10, 'USD', 'PAID', 'CONFIRMED'),
('V2TZ5X', 59, 2025-07-12 14:52:04, 14641.33, 'USD', 'PAID', 'CONFIRMED'),
('V6SM6V', 14, 2025-08-13 14:52:04, 1025.38, 'USD', 'PAID', 'CONFIRMED'),
('VE6QRP', 41, 2025-07-25 14:52:04, 930.12, 'USD', 'PAID', 'CONFIRMED'),
('VH5FQ8', 398, 2025-06-28 14:52:04, 1451.78, 'USD', 'PENDING', 'CONFIRMED'),
('VICY7G', 497, 2025-07-21 14:52:04, 10716.45, 'USD', 'PAID', 'CONFIRMED'),
('VNA31S', 529, 2025-07-15 14:52:04, 10710.97, 'USD', 'PAID', 'CONFIRMED'),
('VOZ24B', 10, 2025-06-05 14:52:04, 3296.86, 'USD', 'PAID', 'CONFIRMED'),
('VRB5JX', 553, 2025-07-12 14:52:04, 8207.79, 'USD', 'PAID', 'CONFIRMED'),
('VWX234', 8, 2025-08-28 18:50:42, 2100.00, 'EUR', 'PAID', 'CONFIRMED'),
('VX2W1J', 30, 2025-07-07 14:52:04, 1511.33, 'USD', 'PAID', 'CONFIRMED'),
('VZXY9M', 394, 2025-08-02 14:52:04, 7057.45, 'USD', 'PAID', 'CONFIRMED'),
('W7A2WD', 186, 2025-06-04 14:52:04, 4381.93, 'USD', 'PAID', 'CONFIRMED'),
('W9RXC4', 534, 2025-08-21 14:52:04, 4226.90, 'USD', 'PENDING', 'CONFIRMED'),
('WABFZ2', 553, 2025-07-05 14:52:04, 12022.02, 'USD', 'PAID', 'CONFIRMED'),
('WHTZP3', 420, 2025-07-30 14:52:04, 2864.83, 'USD', 'PAID', 'CONFIRMED'),
('WKA6AF', 574, 2025-06-06 14:52:04, 1973.37, 'USD', 'PAID', 'CONFIRMED'),
('WPCKRU', 26, 2025-08-21 14:52:04, 7243.15, 'USD', 'PAID', 'CONFIRMED'),
('WSWF12', 80, 2025-08-24 14:52:04, 9674.24, 'USD', 'PENDING', 'CONFIRMED'),
('X5ZPSY', 479, 2025-08-10 14:52:04, 4555.61, 'USD', 'PAID', 'CONFIRMED'),
('XA1PNR', 423, 2025-05-30 14:52:04, 3467.62, 'USD', 'PAID', 'CONFIRMED'),
('XHWRMX', 206, 2025-06-16 14:52:04, 1943.49, 'USD', 'PAID', 'CONFIRMED'),
('XNDL28', 107, 2025-08-26 14:52:04, 2846.52, 'USD', 'PENDING', 'CONFIRMED'),
('XOZTIU', 381, 2025-06-14 14:52:04, 2172.90, 'USD', 'PAID', 'CONFIRMED'),
('XSC34V', 38, 2025-06-06 14:52:04, 1182.67, 'USD', 'PAID', 'CONFIRMED'),
('XV1EQ7', 475, 2025-07-21 14:52:04, 3881.01, 'USD', 'PAID', 'CONFIRMED'),
('XZ75GZ', 565, 2025-08-10 14:52:04, 2986.28, 'USD', 'PAID', 'CONFIRMED'),
('Y34HSP', 560, 2025-08-12 14:52:04, 3455.15, 'USD', 'PAID', 'CONFIRMED'),
('Y70QKE', 73, 2025-06-23 14:52:04, 1558.13, 'USD', 'PAID', 'CONFIRMED'),
('YE8R8K', 200, 2025-06-28 14:52:04, 18657.96, 'USD', 'PAID', 'CONFIRMED'),
('YPNG9U', 248, 2025-06-23 14:52:04, 6817.92, 'USD', 'PAID', 'CONFIRMED'),
('YR2KYC', 587, 2025-06-29 14:52:04, 1412.70, 'USD', 'PAID', 'CONFIRMED'),
('YT05Y8', 120, 2025-08-22 14:52:04, 1983.95, 'USD', 'PAID', 'CONFIRMED'),
('YTTGFA', 49, 2025-07-25 14:52:04, 5752.95, 'USD', 'PAID', 'CONFIRMED'),
('YZA567', 9, 2025-08-28 18:50:42, 1450.00, 'USD', 'PAID', 'CONFIRMED'),
('Z8URB6', 36, 2025-06-07 14:52:04, 2408.05, 'USD', 'PAID', 'CONFIRMED'),
('Z8VDVH', 542, 2025-08-25 14:52:04, 4601.75, 'USD', 'PAID', 'CONFIRMED'),
('ZB02SZ', 581, 2025-05-30 14:52:04, 1029.88, 'USD', 'PAID', 'CONFIRMED'),
('ZCE3C2', 183, 2025-08-22 14:52:04, 1012.50, 'USD', 'PAID', 'CONFIRMED'),
('ZD3QUQ', 415, 2025-06-04 14:52:04, 9231.08, 'USD', 'CANCELLED', 'CONFIRMED'),
('ZFLQ27', 569, 2025-08-21 14:52:04, 10797.25, 'USD', 'PAID', 'CONFIRMED'),
('ZIFOXH', 180, 2025-07-20 14:52:04, 3718.79, 'USD', 'PAID', 'CONFIRMED'),
('ZKU48D', 182, 2025-07-13 14:52:04, 10696.27, 'USD', 'PENDING', 'CONFIRMED'),
('ZN1Y9C', 346, 2025-06-19 14:52:04, 3012.37, 'USD', 'PAID', 'CONFIRMED'),
('ZOPVOR', 231, 2025-06-22 14:52:04, 2952.47, 'USD', 'PAID', 'CONFIRMED'),
('ZPWFFW', 71, 2025-06-03 14:52:04, 5531.30, 'USD', 'PAID', 'CONFIRMED');

-- flights table data
DELETE FROM `flights`;
INSERT INTO `flights` (`flight_id`, `flight_number`, `airline_code`, `aircraft_id`, `departure_airport`, `arrival_airport`, `scheduled_departure`, `scheduled_arrival`, `actual_departure`, `actual_arrival`, `status`, `gate`) VALUES
(1, 'KE001', 'KE', 'B777-300', 'ICN', 'LAX', 2024-03-15 10:30:00, 2024-03-15 05:30:00, NULL, NULL, 'SCHEDULED', 'A12'),
(2, 'KE002', 'KE', 'B777-300', 'LAX', 'ICN', 2024-03-15 13:00:00, 2024-03-16 17:30:00, NULL, NULL, 'SCHEDULED', 'B5'),
(3, 'OZ201', 'OZ', 'A350-900', 'ICN', 'LAX', 2024-03-15 11:20:00, 2024-03-15 06:20:00, NULL, NULL, 'SCHEDULED', 'A15'),
(4, 'OZ202', 'OZ', 'A350-900', 'LAX', 'ICN', 2024-03-16 00:40:00, 2024-03-17 05:50:00, NULL, NULL, 'SCHEDULED', 'T4'),
(5, 'JL002', 'JL', 'B787-9', 'NRT', 'LAX', 2024-03-15 17:00:00, 2024-03-15 10:30:00, NULL, NULL, 'SCHEDULED', 'C4'),
(6, 'UA892', 'UA', 'B787-9', 'ICN', 'SFO', 2024-03-15 18:40:00, 2024-03-15 13:00:00, NULL, NULL, 'SCHEDULED', 'D8'),
(7, 'SQ011', 'SQ', 'A380-800', 'SIN', 'LAX', 2024-03-15 09:00:00, 2024-03-15 09:35:00, NULL, NULL, 'SCHEDULED', 'A1'),
(8, 'BA011', 'BA', 'A380-800', 'LHR', 'SIN', 2024-03-15 13:05:00, 2024-03-16 09:10:00, NULL, NULL, 'SCHEDULED', 'T5'),
(9, 'AF024', 'AF', 'B777-300', 'CDG', 'LAX', 2024-03-15 10:30:00, 2024-03-15 12:55:00, NULL, NULL, 'SCHEDULED', 'K53'),
(10, 'NH006', 'NH', 'B777-300', 'NRT', 'LAX', 2024-03-15 16:50:00, 2024-03-15 10:15:00, NULL, NULL, 'SCHEDULED', 'N55'),
(11, 'CA984', 'CA', 'A350-900', 'PEK', 'LAX', 2024-03-15 14:00:00, 2024-03-15 10:40:00, NULL, NULL, 'SCHEDULED', 'E26'),
(12, 'KE023', 'KE', 'A330-300', 'ICN', 'SFO', 2024-03-15 13:10:00, 2024-03-15 07:40:00, NULL, NULL, 'SCHEDULED', 'A23'),
(13, 'DL089', 'DL', 'B777-300', 'LAX', 'NRT', 2024-03-16 11:30:00, 2024-03-17 16:45:00, NULL, NULL, 'SCHEDULED', 'T7'),
(14, 'EK215', 'EK', 'A380-800', 'DXB', 'LAX', 2024-03-15 08:45:00, 2024-03-15 13:25:00, NULL, NULL, 'SCHEDULED', 'A6'),
(15, 'LH456', 'LH', 'A340-600', 'FRA', 'LAX', 2024-03-15 14:25:00, 2024-03-15 16:50:00, NULL, NULL, 'SCHEDULED', 'Z62'),
(16, 'UA640', 'UA', 'A320-200', 'CDG', 'HND', 2024-03-13 14:00:00, 2024-03-13 22:46:00, NULL, NULL, 'SCHEDULED', 'D7'),
(17, 'EK268', 'EK', 'B787-9', 'CDG', 'HND', 2024-03-20 10:00:00, 2024-03-20 23:12:00, NULL, NULL, 'SCHEDULED', 'A22'),
(18, 'CA408', 'CA', 'A320-200', 'NRT', 'DXB', 2024-03-29 08:45:00, 2024-03-29 12:12:00, NULL, NULL, 'DELAYED', 'D32'),
(19, 'OZ993', 'OZ', 'A320-200', 'LAX', 'PEK', 2024-03-05 09:45:00, 2024-03-05 15:48:00, NULL, NULL, 'SCHEDULED', 'C9'),
(20, 'CZ410', 'CZ', 'B737-900', 'GMP', 'NRT', 2024-03-20 16:30:00, 2024-03-20 17:30:00, NULL, NULL, 'SCHEDULED', 'D41'),
(21, 'NH736', 'NH', 'A321-200', 'FRA', 'CDG', 2024-03-07 13:15:00, 2024-03-08 02:14:00, NULL, NULL, 'SCHEDULED', 'A31'),
(22, 'NH598', 'NH', 'A320-200', 'HKG', 'SFO', 2024-03-19 16:45:00, 2024-03-19 17:46:00, NULL, NULL, 'SCHEDULED', 'B42'),
(23, 'AA649', 'AA', 'B777-300', 'SFO', 'LHR', 2024-03-12 06:15:00, 2024-03-12 20:10:00, NULL, NULL, 'SCHEDULED', 'E38'),
(24, 'BA562', 'BA', 'A320-200', 'GMP', 'HKG', 2024-03-02 11:45:00, 2024-03-02 20:27:00, NULL, NULL, 'SCHEDULED', 'D30'),
(25, 'AA182', 'AA', 'A320-200', 'LAX', 'NRT', 2024-03-22 10:00:00, 2024-03-22 18:19:00, NULL, NULL, 'SCHEDULED', 'A44'),
(26, 'KE907', 'KE', 'B777-300', 'FRA', 'CDG', 2024-03-31 21:15:00, 2024-04-01 05:13:00, NULL, NULL, 'SCHEDULED', 'E5'),
(27, 'KE263', 'KE', 'A330-300', 'NRT', 'GMP', 2024-03-29 07:45:00, 2024-03-29 14:59:00, NULL, NULL, 'COMPLETED', 'D14'),
(28, 'CZ230', 'CZ', 'B777-300', 'SFO', 'GMP', 2024-03-01 12:00:00, 2024-03-01 17:15:00, NULL, NULL, 'SCHEDULED', 'D50'),
(29, 'LH787', 'LH', 'A321-200', 'PEK', 'NRT', 2024-03-08 14:00:00, 2024-03-09 04:51:00, NULL, NULL, 'SCHEDULED', 'A29'),
(30, 'MU887', 'MU', 'A350-900', 'JFK', 'HND', 2024-03-24 09:00:00, 2024-03-24 15:17:00, NULL, NULL, 'SCHEDULED', 'A6'),
(31, 'KE832', 'KE', 'A321-200', 'HND', 'GMP', 2024-03-28 21:45:00, 2024-03-29 08:25:00, NULL, NULL, 'SCHEDULED', 'B50'),
(32, 'MU120', 'MU', 'B777-300', 'SIN', 'ICN', 2024-03-15 11:30:00, 2024-03-15 23:55:00, NULL, NULL, 'SCHEDULED', 'C30'),
(33, 'AA742', 'AA', 'A330-300', 'CDG', 'NRT', 2024-03-07 10:45:00, 2024-03-07 22:06:00, NULL, NULL, 'SCHEDULED', 'B31'),
(34, 'BA425', 'BA', 'A320-200', 'CDG', 'LAX', 2024-03-22 22:30:00, 2024-03-23 01:46:00, NULL, NULL, 'SCHEDULED', 'A10'),
(35, 'AF252', 'AF', 'B737-MAX', 'LHR', 'NRT', 2024-03-02 07:15:00, 2024-03-02 18:46:00, NULL, NULL, 'DELAYED', 'E39'),
(36, 'NH875', 'NH', 'A321-200', 'GMP', 'HKG', 2024-03-08 10:45:00, 2024-03-09 00:05:00, NULL, NULL, 'DELAYED', 'D49'),
(37, 'CZ748', 'CZ', 'B747-8', 'HND', 'HKG', 2024-03-20 14:30:00, 2024-03-20 16:48:00, NULL, NULL, 'DELAYED', 'B20'),
(38, 'SQ831', 'SQ', 'A321-200', 'PEK', 'DXB', 2024-03-18 15:00:00, 2024-03-18 16:44:00, NULL, NULL, 'SCHEDULED', 'E21'),
(39, 'CZ321', 'CZ', 'B737-MAX', 'ICN', 'LHR', 2024-03-06 07:45:00, 2024-03-06 20:08:00, NULL, NULL, 'SCHEDULED', 'C31'),
(40, 'LH882', 'LH', 'B777-300', 'DXB', 'ORD', 2024-03-27 19:30:00, 2024-03-28 00:28:00, NULL, NULL, 'SCHEDULED', 'E17'),
(41, 'AA802', 'AA', 'B747-8', 'PEK', 'ORD', 2024-03-07 11:15:00, 2024-03-07 22:45:00, NULL, NULL, 'SCHEDULED', 'D32'),
(42, 'CA802', 'CA', 'A380-800', 'ORD', 'GMP', 2024-03-18 06:00:00, 2024-03-18 09:19:00, NULL, NULL, 'SCHEDULED', 'B44'),
(43, 'CA338', 'CA', 'B737-MAX', 'CDG', 'FRA', 2024-03-06 10:45:00, 2024-03-06 22:15:00, NULL, NULL, 'SCHEDULED', 'E26'),
(44, 'NH896', 'NH', 'A330-300', 'HND', 'CDG', 2024-03-10 11:30:00, 2024-03-10 16:13:00, NULL, NULL, 'DELAYED', 'C48'),
(45, 'NH790', 'NH', 'B787-9', 'HKG', 'LHR', 2024-03-05 13:45:00, 2024-03-06 03:58:00, NULL, NULL, 'SCHEDULED', 'D27'),
(46, 'CA245', 'CA', 'B777-300', 'LAX', 'HKG', 2024-03-05 08:45:00, 2024-03-05 19:32:00, NULL, NULL, 'DELAYED', 'E9'),
(47, 'DL970', 'DL', 'B787-9', 'JFK', 'NRT', 2024-03-16 09:15:00, 2024-03-16 13:57:00, NULL, NULL, 'DELAYED', 'D2'),
(48, 'LH615', 'LH', 'B737-900', 'FRA', 'HND', 2024-03-10 15:30:00, 2024-03-10 17:25:00, NULL, NULL, 'SCHEDULED', 'B38'),
(49, 'UA548', 'UA', 'B737-MAX', 'LHR', 'HND', 2024-03-24 08:30:00, 2024-03-24 11:21:00, NULL, NULL, 'SCHEDULED', 'E20'),
(50, 'JL181', 'JL', 'A321-200', 'LAX', 'ORD', 2024-03-23 22:00:00, 2024-03-24 09:41:00, NULL, NULL, 'SCHEDULED', 'C14'),
(51, 'LH304', 'LH', 'B777-300', 'LHR', 'FRA', 2024-03-16 14:30:00, 2024-03-16 22:47:00, NULL, NULL, 'SCHEDULED', 'D35'),
(52, 'LH983', 'LH', 'B737-MAX', 'ORD', 'FRA', 2024-03-01 11:15:00, 2024-03-01 19:30:00, NULL, NULL, 'SCHEDULED', 'A4'),
(53, 'KE366', 'KE', 'B777-300', 'CDG', 'HND', 2024-03-29 09:15:00, 2024-03-29 15:12:00, NULL, NULL, 'SCHEDULED', 'D12'),
(54, 'EK224', 'EK', 'B737-900', 'SIN', 'ICN', 2024-03-20 08:30:00, 2024-03-20 17:48:00, NULL, NULL, 'SCHEDULED', 'D49'),
(55, 'DL385', 'DL', 'A321-200', 'SFO', 'CDG', 2024-03-22 14:30:00, 2024-03-23 06:28:00, NULL, NULL, 'SCHEDULED', 'A12'),
(56, 'DL556', 'DL', 'B737-MAX', 'ICN', 'LHR', 2024-03-07 19:30:00, 2024-03-08 05:30:00, NULL, NULL, 'SCHEDULED', 'D13'),
(57, 'AF560', 'AF', 'A320-200', 'LAX', 'JFK', 2024-03-10 08:30:00, 2024-03-10 12:26:00, NULL, NULL, 'SCHEDULED', 'C18'),
(58, 'KE825', 'KE', 'A330-300', 'ICN', 'SIN', 2024-03-27 19:45:00, 2024-03-28 06:54:00, NULL, NULL, 'DELAYED', 'D46'),
(59, 'UA849', 'UA', 'B737-900', 'DXB', 'HKG', 2024-03-27 14:45:00, 2024-03-27 17:14:00, NULL, NULL, 'SCHEDULED', 'E38'),
(60, 'AF277', 'AF', 'B787-9', 'GMP', 'PEK', 2024-03-25 21:45:00, 2024-03-26 05:14:00, NULL, NULL, 'COMPLETED', 'D16'),
(61, 'AA607', 'AA', 'B777-300', 'LAX', 'ORD', 2024-03-22 12:45:00, 2024-03-22 23:11:00, NULL, NULL, 'DELAYED', 'D37'),
(62, 'CA895', 'CA', 'A350-900', 'PEK', 'GMP', 2024-03-04 10:45:00, 2024-03-04 12:00:00, NULL, NULL, 'SCHEDULED', 'E15'),
(63, 'KE619', 'KE', 'B747-8', 'HKG', 'ICN', 2024-03-16 14:15:00, 2024-03-17 00:42:00, NULL, NULL, 'SCHEDULED', 'B46'),
(64, 'AF776', 'AF', 'B737-MAX', 'FRA', 'LHR', 2024-03-17 21:15:00, 2024-03-17 22:36:00, NULL, NULL, 'SCHEDULED', 'A26'),
(65, 'CA260', 'CA', 'B737-MAX', 'ORD', 'JFK', 2024-03-01 14:15:00, 2024-03-01 19:32:00, NULL, NULL, 'DELAYED', 'D8'),
(66, 'EK281', 'EK', 'B777-300', 'GMP', 'PEK', 2024-03-24 17:30:00, 2024-03-24 19:17:00, NULL, NULL, 'SCHEDULED', 'C21'),
(67, 'DL959', 'DL', 'A350-900', 'PEK', 'SIN', 2024-03-10 17:45:00, 2024-03-11 00:36:00, NULL, NULL, 'SCHEDULED', 'A19'),
(68, 'KE792', 'KE', 'A320-200', 'LHR', 'SIN', 2024-03-31 14:45:00, 2024-03-31 16:42:00, NULL, NULL, 'SCHEDULED', 'B5'),
(69, 'DL480', 'DL', 'A320-200', 'HKG', 'ICN', 2024-03-14 09:45:00, 2024-03-14 10:51:00, NULL, NULL, 'SCHEDULED', 'D37'),
(70, 'CA587', 'CA', 'B747-8', 'LHR', 'LAX', 2024-03-11 17:30:00, 2024-03-11 22:17:00, NULL, NULL, 'SCHEDULED', 'C50'),
(71, 'OZ135', 'OZ', 'B777-300', 'GMP', 'DXB', 2024-03-15 12:30:00, 2024-03-15 17:21:00, NULL, NULL, 'DELAYED', 'E43'),
(72, 'JL427', 'JL', 'A380-800', 'LHR', 'GMP', 2024-03-18 09:15:00, 2024-03-18 12:12:00, NULL, NULL, 'SCHEDULED', 'D41'),
(73, 'LH748', 'LH', 'B737-900', 'ICN', 'SIN', 2024-03-21 13:45:00, 2024-03-21 20:49:00, NULL, NULL, 'SCHEDULED', 'A2'),
(74, 'NH107', 'NH', 'A320-200', 'HKG', 'DXB', 2024-03-29 18:15:00, 2024-03-30 03:39:00, NULL, NULL, 'SCHEDULED', 'C2'),
(75, 'KE216', 'KE', 'B777-300', 'SIN', 'FRA', 2024-03-05 20:15:00, 2024-03-06 11:55:00, NULL, NULL, 'SCHEDULED', 'D24'),
(76, 'BA319', 'BA', 'A350-900', 'PEK', 'HND', 2024-03-16 19:45:00, 2024-03-16 23:22:00, NULL, NULL, 'SCHEDULED', 'D20'),
(77, 'AF595', 'AF', 'A380-800', 'SIN', 'FRA', 2024-03-10 14:30:00, 2024-03-10 20:50:00, NULL, NULL, 'SCHEDULED', 'A17'),
(78, 'CA155', 'CA', 'B787-9', 'CDG', 'HKG', 2024-03-06 11:45:00, 2024-03-06 15:54:00, NULL, NULL, 'SCHEDULED', 'A16'),
(79, 'AF726', 'AF', 'B787-9', 'DXB', 'JFK', 2024-03-28 07:45:00, 2024-03-28 17:47:00, NULL, NULL, 'SCHEDULED', 'C44'),
(80, 'JL256', 'JL', 'B747-8', 'NRT', 'LHR', 2024-03-21 14:00:00, 2024-03-21 17:31:00, NULL, NULL, 'SCHEDULED', 'A40'),
(81, 'LH787', 'LH', 'B777-300', 'HKG', 'NRT', 2024-03-07 07:30:00, 2024-03-07 15:05:00, NULL, NULL, 'SCHEDULED', 'C39'),
(82, 'DL375', 'DL', 'B777-300', 'LAX', 'LHR', 2024-03-10 22:30:00, 2024-03-11 13:13:00, NULL, NULL, 'DELAYED', 'C37'),
(83, 'JL369', 'JL', 'A330-300', 'DXB', 'LHR', 2024-03-26 07:45:00, 2024-03-26 23:14:00, NULL, NULL, 'SCHEDULED', 'B44'),
(84, 'OZ774', 'OZ', 'B747-8', 'GMP', 'HKG', 2024-03-21 08:45:00, 2024-03-21 18:21:00, NULL, NULL, 'SCHEDULED', 'A46'),
(85, 'AF947', 'AF', 'A320-200', 'GMP', 'SFO', 2024-03-01 17:45:00, 2024-03-02 01:22:00, NULL, NULL, 'SCHEDULED', 'D35'),
(86, 'KE407', 'KE', 'A321-200', 'NRT', 'LAX', 2024-03-03 12:00:00, 2024-03-03 15:35:00, NULL, NULL, 'SCHEDULED', 'C46'),
(87, 'UA183', 'UA', 'A350-900', 'DXB', 'SFO', 2024-03-15 21:15:00, 2024-03-16 01:40:00, NULL, NULL, 'SCHEDULED', 'C18'),
(88, 'NH115', 'NH', 'B737-900', 'NRT', 'FRA', 2024-03-15 17:00:00, 2024-03-16 03:47:00, NULL, NULL, 'SCHEDULED', 'A49'),
(89, 'AA177', 'AA', 'B737-900', 'SIN', 'CDG', 2024-03-19 22:30:00, 2024-03-20 01:42:00, NULL, NULL, 'SCHEDULED', 'E31'),
(90, 'DL448', 'DL', 'A320-200', 'JFK', 'CDG', 2024-03-25 14:45:00, 2024-03-25 23:35:00, NULL, NULL, 'DELAYED', 'E1'),
(91, 'EK427', 'EK', 'B737-MAX', 'SFO', 'NRT', 2024-03-19 14:45:00, 2024-03-19 23:19:00, NULL, NULL, 'SCHEDULED', 'C39'),
(92, 'BA543', 'BA', 'B737-900', 'ORD', 'LHR', 2024-03-10 08:30:00, 2024-03-10 18:49:00, NULL, NULL, 'COMPLETED', 'B7'),
(93, 'NH503', 'NH', 'A350-900', 'GMP', 'LAX', 2024-03-01 15:45:00, 2024-03-02 02:00:00, NULL, NULL, 'DELAYED', 'D38'),
(94, 'AA966', 'AA', 'B787-9', 'LHR', 'JFK', 2024-03-10 07:45:00, 2024-03-10 13:10:00, NULL, NULL, 'DELAYED', 'C11'),
(95, 'DL917', 'DL', 'A350-900', 'LHR', 'GMP', 2024-03-25 10:45:00, 2024-03-25 15:11:00, NULL, NULL, 'DELAYED', 'E46'),
(96, 'AF902', 'AF', 'B787-9', 'DXB', 'ICN', 2024-03-11 20:30:00, 2024-03-11 22:06:00, NULL, NULL, 'DELAYED', 'E47'),
(97, 'EK452', 'EK', 'A330-300', 'NRT', 'ICN', 2024-03-15 13:45:00, 2024-03-15 15:54:00, NULL, NULL, 'SCHEDULED', 'E18'),
(98, 'DL849', 'DL', 'A320-200', 'HKG', 'DXB', 2024-03-27 06:15:00, 2024-03-27 18:01:00, NULL, NULL, 'DELAYED', 'C11'),
(99, 'JL577', 'JL', 'A321-200', 'SIN', 'FRA', 2024-03-22 12:30:00, 2024-03-23 02:49:00, NULL, NULL, 'SCHEDULED', 'B42'),
(100, 'AF818', 'AF', 'B737-900', 'JFK', 'DXB', 2024-03-18 13:30:00, 2024-03-18 23:20:00, NULL, NULL, 'SCHEDULED', 'A5'),
(101, 'BA831', 'BA', 'A320-200', 'LAX', 'HND', 2024-03-17 14:30:00, 2024-03-17 16:51:00, NULL, NULL, 'SCHEDULED', 'B6'),
(102, 'CZ191', 'CZ', 'A321-200', 'HKG', 'SIN', 2024-03-11 07:30:00, 2024-03-11 12:34:00, NULL, NULL, 'SCHEDULED', 'D37'),
(103, 'SQ618', 'SQ', 'B747-8', 'NRT', 'ORD', 2024-03-19 19:30:00, 2024-03-20 03:03:00, NULL, NULL, 'DELAYED', 'E17'),
(104, 'SQ143', 'SQ', 'B737-900', 'FRA', 'DXB', 2024-03-07 13:45:00, 2024-03-08 02:42:00, NULL, NULL, 'COMPLETED', 'C8'),
(105, 'JL233', 'JL', 'A380-800', 'ICN', 'HND', 2024-03-01 21:30:00, 2024-03-02 12:03:00, NULL, NULL, 'SCHEDULED', 'B49'),
(106, 'CZ466', 'CZ', 'A380-800', 'DXB', 'CDG', 2024-03-11 13:45:00, 2024-03-12 00:03:00, NULL, NULL, 'SCHEDULED', 'A20'),
(107, 'AA303', 'AA', 'B737-900', 'NRT', 'DXB', 2024-03-16 20:30:00, 2024-03-17 02:04:00, NULL, NULL, 'DELAYED', 'D8'),
(108, 'AF462', 'AF', 'B737-MAX', 'ICN', 'LHR', 2024-03-19 13:00:00, 2024-03-19 14:13:00, NULL, NULL, 'SCHEDULED', 'B28'),
(109, 'OZ159', 'OZ', 'A330-300', 'FRA', 'SFO', 2024-03-10 16:00:00, 2024-03-10 20:15:00, NULL, NULL, 'SCHEDULED', 'C49'),
(110, 'CA705', 'CA', 'A330-300', 'JFK', 'SFO', 2024-03-28 20:45:00, 2024-03-29 10:43:00, NULL, NULL, 'SCHEDULED', 'C35'),
(111, 'AA996', 'AA', 'B787-9', 'HND', 'DXB', 2024-03-28 14:15:00, 2024-03-28 20:19:00, NULL, NULL, 'SCHEDULED', 'C18'),
(112, 'SQ349', 'SQ', 'B787-9', 'LHR', 'ICN', 2024-03-28 07:30:00, 2024-03-28 21:35:00, NULL, NULL, 'SCHEDULED', 'B50'),
(113, 'KE684', 'KE', 'A380-800', 'ICN', 'DXB', 2024-03-02 09:00:00, 2024-03-02 13:07:00, NULL, NULL, 'DELAYED', 'D29'),
(114, 'NH104', 'NH', 'A321-200', 'PEK', 'FRA', 2024-03-11 07:45:00, 2024-03-11 21:58:00, NULL, NULL, 'SCHEDULED', 'C18'),
(115, 'LH598', 'LH', 'A321-200', 'GMP', 'FRA', 2024-03-25 11:30:00, 2024-03-25 15:14:00, NULL, NULL, 'DELAYED', 'C29'),
(116, 'OZ638', 'OZ', 'B737-MAX', 'DXB', 'CDG', 2024-03-08 06:30:00, 2024-03-08 10:17:00, NULL, NULL, 'COMPLETED', 'D14'),
(117, 'LH501', 'LH', 'B737-MAX', 'JFK', 'CDG', 2024-03-07 14:00:00, 2024-03-08 00:17:00, NULL, NULL, 'SCHEDULED', 'B2'),
(118, 'DL140', 'DL', 'A330-300', 'JFK', 'CDG', 2024-03-16 21:30:00, 2024-03-17 07:23:00, NULL, NULL, 'SCHEDULED', 'E34'),
(119, 'AA754', 'AA', 'A350-900', 'SFO', 'NRT', 2024-03-28 18:45:00, 2024-03-29 03:48:00, NULL, NULL, 'DELAYED', 'E36'),
(120, 'NH209', 'NH', 'B777-300', 'ICN', 'LHR', 2024-03-15 20:00:00, 2024-03-15 22:12:00, NULL, NULL, 'SCHEDULED', 'B22'),
(121, 'UA323', 'UA', 'B737-900', 'LHR', 'FRA', 2024-03-05 08:15:00, 2024-03-05 14:02:00, NULL, NULL, 'SCHEDULED', 'D19'),
(122, 'UA994', 'UA', 'B777-300', 'PEK', 'DXB', 2024-03-13 13:15:00, 2024-03-13 14:46:00, NULL, NULL, 'SCHEDULED', 'D10'),
(123, 'MU782', 'MU', 'B787-9', 'GMP', 'CDG', 2024-03-05 12:00:00, 2024-03-05 16:10:00, NULL, NULL, 'SCHEDULED', 'C20'),
(124, 'NH296', 'NH', 'B747-8', 'ICN', 'CDG', 2024-03-24 13:00:00, 2024-03-25 00:59:00, NULL, NULL, 'SCHEDULED', 'D29'),
(125, 'BA842', 'BA', 'B737-MAX', 'HKG', 'DXB', 2024-03-05 21:30:00, 2024-03-06 00:26:00, NULL, NULL, 'SCHEDULED', 'D24'),
(126, 'BA243', 'BA', 'B737-900', 'ORD', 'NRT', 2024-03-09 15:45:00, 2024-03-10 00:26:00, NULL, NULL, 'DELAYED', 'D40'),
(127, 'KE368', 'KE', 'A320-200', 'ICN', 'FRA', 2024-03-18 19:15:00, 2024-03-19 03:33:00, NULL, NULL, 'DELAYED', 'D9'),
(128, 'KE871', 'KE', 'A330-300', 'SIN', 'FRA', 2024-03-15 21:00:00, 2024-03-16 04:52:00, NULL, NULL, 'SCHEDULED', 'D1'),
(129, 'AF712', 'AF', 'B777-300', 'JFK', 'CDG', 2024-03-02 13:45:00, 2024-03-02 17:30:00, NULL, NULL, 'SCHEDULED', 'B49'),
(130, 'AF274', 'AF', 'B777-300', 'CDG', 'LHR', 2024-03-16 10:15:00, 2024-03-16 12:03:00, NULL, NULL, 'DELAYED', 'A32'),
(131, 'LH163', 'LH', 'B747-8', 'LHR', 'SFO', 2024-03-01 07:00:00, 2024-03-01 20:25:00, NULL, NULL, 'DELAYED', 'E35'),
(132, 'AF561', 'AF', 'B777-300', 'HND', 'ICN', 2024-03-18 15:30:00, 2024-03-19 05:51:00, NULL, NULL, 'SCHEDULED', 'B16'),
(133, 'CA301', 'CA', 'A350-900', 'FRA', 'NRT', 2024-03-27 07:45:00, 2024-03-27 12:40:00, NULL, NULL, 'SCHEDULED', 'E2'),
(134, 'CZ314', 'CZ', 'B777-300', 'PEK', 'DXB', 2024-03-17 21:30:00, 2024-03-18 05:40:00, NULL, NULL, 'SCHEDULED', 'C48'),
(135, 'SQ435', 'SQ', 'B747-8', 'SIN', 'JFK', 2024-03-15 22:00:00, 2024-03-16 01:14:00, NULL, NULL, 'DELAYED', 'C29'),
(136, 'KE818', 'KE', 'B777-300', 'HKG', 'ORD', 2024-03-26 17:00:00, 2024-03-27 05:33:00, NULL, NULL, 'SCHEDULED', 'A40'),
(137, 'SQ404', 'SQ', 'B747-8', 'JFK', 'FRA', 2024-03-02 13:45:00, 2024-03-03 04:11:00, NULL, NULL, 'SCHEDULED', 'A46'),
(138, 'NH744', 'NH', 'B737-MAX', 'ICN', 'HKG', 2024-03-13 17:30:00, 2024-03-14 08:24:00, NULL, NULL, 'SCHEDULED', 'B14'),
(139, 'SQ421', 'SQ', 'B777-300', 'LHR', 'ICN', 2024-03-10 22:15:00, 2024-03-11 12:16:00, NULL, NULL, 'SCHEDULED', 'B39'),
(140, 'JL963', 'JL', 'B777-300', 'LHR', 'FRA', 2024-03-11 06:00:00, 2024-03-11 17:30:00, NULL, NULL, 'SCHEDULED', 'E19'),
(141, 'SQ382', 'SQ', 'A380-800', 'HKG', 'FRA', 2024-03-09 15:15:00, 2024-03-09 19:01:00, NULL, NULL, 'SCHEDULED', 'D39'),
(142, 'UA711', 'UA', 'A330-300', 'ICN', 'NRT', 2024-03-05 18:45:00, 2024-03-06 00:28:00, NULL, NULL, 'SCHEDULED', 'B8'),
(143, 'DL430', 'DL', 'B777-300', 'HKG', 'HND', 2024-03-27 09:45:00, 2024-03-28 00:35:00, NULL, NULL, 'COMPLETED', 'E46'),
(144, 'SQ267', 'SQ', 'B737-900', 'SIN', 'LAX', 2024-03-31 08:15:00, 2024-03-31 19:35:00, NULL, NULL, 'DELAYED', 'E12'),
(145, 'JL374', 'JL', 'B787-9', 'JFK', 'FRA', 2024-03-14 08:00:00, 2024-03-14 13:37:00, NULL, NULL, 'SCHEDULED', 'C42'),
(146, 'NH435', 'NH', 'B737-900', 'HND', 'LHR', 2024-03-20 20:15:00, 2024-03-21 02:41:00, NULL, NULL, 'SCHEDULED', 'B34'),
(147, 'JL304', 'JL', 'A380-800', 'JFK', 'PEK', 2024-03-02 16:30:00, 2024-03-03 05:57:00, NULL, NULL, 'COMPLETED', 'A11'),
(148, 'NH342', 'NH', 'A321-200', 'FRA', 'HKG', 2024-03-26 19:00:00, 2024-03-26 22:15:00, NULL, NULL, 'SCHEDULED', 'A33'),
(149, 'UA255', 'UA', 'A380-800', 'NRT', 'CDG', 2024-03-01 21:00:00, 2024-03-02 08:04:00, NULL, NULL, 'DELAYED', 'E26'),
(150, 'AA457', 'AA', 'A321-200', 'DXB', 'SIN', 2024-03-08 17:00:00, 2024-03-09 01:28:00, NULL, NULL, 'SCHEDULED', 'D6'),
(151, 'AF711', 'AF', 'A330-300', 'PEK', 'SFO', 2024-03-16 20:00:00, 2024-03-17 10:31:00, NULL, NULL, 'DELAYED', 'C10'),
(152, 'UA335', 'UA', 'A350-900', 'ORD', 'LHR', 2024-03-15 22:15:00, 2024-03-16 00:33:00, NULL, NULL, 'SCHEDULED', 'C18'),
(153, 'MU818', 'MU', 'A330-300', 'HKG', 'ICN', 2024-03-23 09:45:00, 2024-03-23 11:53:00, NULL, NULL, 'DELAYED', 'A5'),
(154, 'CZ898', 'CZ', 'B777-300', 'GMP', 'CDG', 2024-03-12 21:15:00, 2024-03-13 12:27:00, NULL, NULL, 'SCHEDULED', 'A38'),
(155, 'SQ590', 'SQ', 'A320-200', 'SFO', 'GMP', 2024-03-23 20:15:00, 2024-03-24 03:01:00, NULL, NULL, 'SCHEDULED', 'B13'),
(156, 'KE906', 'KE', 'A330-300', 'JFK', 'PEK', 2024-03-17 16:30:00, 2024-03-18 02:07:00, NULL, NULL, 'SCHEDULED', 'B6'),
(157, 'NH194', 'NH', 'B747-8', 'SFO', 'PEK', 2024-03-13 22:15:00, 2024-03-14 06:33:00, NULL, NULL, 'SCHEDULED', 'B45'),
(158, 'AF495', 'AF', 'A320-200', 'GMP', 'LAX', 2024-03-20 16:30:00, 2024-03-20 20:20:00, NULL, NULL, 'SCHEDULED', 'A31'),
(159, 'KE810', 'KE', 'A350-900', 'ICN', 'DXB', 2024-03-27 19:30:00, 2024-03-28 11:13:00, NULL, NULL, 'SCHEDULED', 'E36'),
(160, 'EK332', 'EK', 'B747-8', 'ORD', 'GMP', 2024-03-02 16:30:00, 2024-03-02 21:40:00, NULL, NULL, 'DELAYED', 'A19'),
(161, 'AA746', 'AA', 'A320-200', 'DXB', 'ORD', 2024-03-18 07:00:00, 2024-03-18 12:28:00, NULL, NULL, 'SCHEDULED', 'E11'),
(162, 'BA405', 'BA', 'B787-9', 'SIN', 'PEK', 2024-03-18 10:45:00, 2024-03-18 12:04:00, NULL, NULL, 'SCHEDULED', 'A10'),
(163, 'MU265', 'MU', 'A320-200', 'DXB', 'NRT', 2024-03-02 15:30:00, 2024-03-03 01:48:00, NULL, NULL, 'SCHEDULED', 'C38'),
(164, 'MU248', 'MU', 'B777-300', 'LHR', 'HKG', 2024-03-22 17:15:00, 2024-03-22 20:34:00, NULL, NULL, 'SCHEDULED', 'D44'),
(165, 'UA941', 'UA', 'B777-300', 'LAX', 'JFK', 2024-03-04 13:30:00, 2024-03-04 19:42:00, NULL, NULL, 'SCHEDULED', 'D14'),
(166, 'MU428', 'MU', 'A380-800', 'JFK', 'HND', 2024-03-08 07:15:00, 2024-03-08 13:04:00, NULL, NULL, 'SCHEDULED', 'B29'),
(167, 'JL705', 'JL', 'A330-300', 'ORD', 'HND', 2024-03-01 12:30:00, 2024-03-02 03:38:00, NULL, NULL, 'SCHEDULED', 'E17'),
(168, 'LH554', 'LH', 'B747-8', 'ICN', 'ORD', 2024-03-04 11:15:00, 2024-03-05 02:13:00, NULL, NULL, 'SCHEDULED', 'D24'),
(169, 'NH754', 'NH', 'B737-900', 'HND', 'NRT', 2024-03-23 12:45:00, 2024-03-23 18:07:00, NULL, NULL, 'DELAYED', 'B20'),
(170, 'SQ314', 'SQ', 'A330-300', 'GMP', 'SFO', 2024-03-24 19:30:00, 2024-03-25 00:51:00, NULL, NULL, 'SCHEDULED', 'D47'),
(171, 'JL698', 'JL', 'B787-9', 'DXB', 'LAX', 2024-03-26 11:30:00, 2024-03-26 23:55:00, NULL, NULL, 'DELAYED', 'A11'),
(172, 'SQ571', 'SQ', 'A350-900', 'HND', 'NRT', 2024-03-04 21:45:00, 2024-03-05 07:41:00, NULL, NULL, 'DELAYED', 'D35'),
(173, 'MU325', 'MU', 'A380-800', 'ORD', 'NRT', 2024-03-17 14:15:00, 2024-03-17 19:56:00, NULL, NULL, 'SCHEDULED', 'C29'),
(174, 'KE508', 'KE', 'A330-300', 'LHR', 'HKG', 2024-03-31 22:15:00, 2024-04-01 02:20:00, NULL, NULL, 'SCHEDULED', 'B32'),
(175, 'CZ286', 'CZ', 'B737-900', 'SFO', 'DXB', 2024-03-21 07:15:00, 2024-03-21 13:37:00, NULL, NULL, 'DELAYED', 'E28'),
(176, 'SQ993', 'SQ', 'A320-200', 'SIN', 'HKG', 2024-03-31 15:30:00, 2024-03-31 18:50:00, NULL, NULL, 'SCHEDULED', 'B2'),
(177, 'AF734', 'AF', 'A330-300', 'HKG', 'HND', 2024-03-22 10:45:00, 2024-03-22 11:55:00, NULL, NULL, 'SCHEDULED', 'B7'),
(178, 'LH910', 'LH', 'A380-800', 'ICN', 'DXB', 2024-03-11 11:45:00, 2024-03-12 01:20:00, NULL, NULL, 'SCHEDULED', 'D19'),
(179, 'EK320', 'EK', 'A380-800', 'ICN', 'CDG', 2024-03-25 20:00:00, 2024-03-26 06:44:00, NULL, NULL, 'SCHEDULED', 'C8'),
(180, 'AA108', 'AA', 'B737-900', 'NRT', 'LHR', 2024-03-28 12:15:00, 2024-03-28 16:29:00, NULL, NULL, 'COMPLETED', 'D38'),
(181, 'UA677', 'UA', 'A330-300', 'CDG', 'SIN', 2024-03-29 12:00:00, 2024-03-29 20:57:00, NULL, NULL, 'COMPLETED', 'C32'),
(182, 'AF686', 'AF', 'B747-8', 'LAX', 'DXB', 2024-03-06 09:45:00, 2024-03-06 10:54:00, NULL, NULL, 'DELAYED', 'A27'),
(183, 'MU480', 'MU', 'A330-300', 'GMP', 'PEK', 2024-03-18 20:15:00, 2024-03-19 00:24:00, NULL, NULL, 'SCHEDULED', 'C13'),
(184, 'MU252', 'MU', 'B737-900', 'FRA', 'ICN', 2024-03-18 21:15:00, 2024-03-19 03:08:00, NULL, NULL, 'SCHEDULED', 'E2'),
(185, 'CZ673', 'CZ', 'A320-200', 'HKG', 'LHR', 2024-03-31 13:15:00, 2024-03-31 23:34:00, NULL, NULL, 'DELAYED', 'A26'),
(186, 'JL245', 'JL', 'A321-200', 'SIN', 'ORD', 2024-03-13 22:45:00, 2024-03-14 04:51:00, NULL, NULL, 'SCHEDULED', 'C26'),
(187, 'UA563', 'UA', 'B787-9', 'NRT', 'SIN', 2024-03-19 19:45:00, 2024-03-20 04:27:00, NULL, NULL, 'SCHEDULED', 'C27'),
(188, 'CZ116', 'CZ', 'B747-8', 'NRT', 'GMP', 2024-03-18 21:00:00, 2024-03-19 08:48:00, NULL, NULL, 'DELAYED', 'E28'),
(189, 'BA100', 'BA', 'B747-8', 'GMP', 'JFK', 2024-03-01 13:30:00, 2024-03-02 03:58:00, NULL, NULL, 'SCHEDULED', 'A50'),
(190, 'JL723', 'JL', 'A330-300', 'DXB', 'HKG', 2024-03-18 16:00:00, 2024-03-18 21:06:00, NULL, NULL, 'SCHEDULED', 'E14'),
(191, 'UA835', 'UA', 'B737-900', 'SIN', 'HND', 2024-03-04 08:15:00, 2024-03-04 16:48:00, NULL, NULL, 'SCHEDULED', 'E13'),
(192, 'OZ812', 'OZ', 'A320-200', 'DXB', 'ICN', 2024-03-28 13:00:00, 2024-03-29 00:05:00, NULL, NULL, 'SCHEDULED', 'B8'),
(193, 'NH289', 'NH', 'B737-900', 'JFK', 'SIN', 2024-03-12 13:30:00, 2024-03-13 05:02:00, NULL, NULL, 'SCHEDULED', 'C15'),
(194, 'CZ326', 'CZ', 'A321-200', 'FRA', 'NRT', 2024-03-30 17:00:00, 2024-03-31 08:49:00, NULL, NULL, 'SCHEDULED', 'D32'),
(195, 'KE450', 'KE', 'B747-8', 'FRA', 'JFK', 2024-03-31 13:15:00, 2024-04-01 03:39:00, NULL, NULL, 'SCHEDULED', 'C33'),
(196, 'SQ738', 'SQ', 'B777-300', 'DXB', 'NRT', 2024-03-10 06:45:00, 2024-03-10 14:39:00, NULL, NULL, 'SCHEDULED', 'C24'),
(197, 'UA320', 'UA', 'A380-800', 'FRA', 'ORD', 2024-03-26 07:30:00, 2024-03-26 16:28:00, NULL, NULL, 'SCHEDULED', 'C31'),
(198, 'CA660', 'CA', 'B747-8', 'FRA', 'CDG', 2024-03-25 15:15:00, 2024-03-26 06:14:00, NULL, NULL, 'SCHEDULED', 'A39'),
(199, 'LH774', 'LH', 'A380-800', 'SFO', 'DXB', 2024-03-12 17:00:00, 2024-03-13 01:41:00, NULL, NULL, 'DELAYED', 'B29'),
(200, 'AF745', 'AF', 'B737-900', 'GMP', 'DXB', 2024-03-15 11:15:00, 2024-03-15 16:43:00, NULL, NULL, 'DELAYED', 'D23'),
(201, 'KE416', 'KE', 'A380-800', 'HND', 'CDG', 2024-03-05 14:00:00, 2024-03-06 04:31:00, NULL, NULL, 'SCHEDULED', 'B29'),
(202, 'EK502', 'EK', 'A380-800', 'SIN', 'LAX', 2024-03-12 09:45:00, 2024-03-12 15:19:00, NULL, NULL, 'SCHEDULED', 'A20'),
(203, 'BA435', 'BA', 'A380-800', 'CDG', 'LHR', 2024-03-21 17:15:00, 2024-03-22 01:07:00, NULL, NULL, 'SCHEDULED', 'A7'),
(204, 'UA480', 'UA', 'B777-300', 'ORD', 'LAX', 2024-03-18 07:45:00, 2024-03-18 09:00:00, NULL, NULL, 'DELAYED', 'D15'),
(205, 'NH477', 'NH', 'A350-900', 'FRA', 'HND', 2024-03-16 20:15:00, 2024-03-17 02:26:00, NULL, NULL, 'SCHEDULED', 'D7'),
(206, 'DL846', 'DL', 'B787-9', 'FRA', 'GMP', 2024-03-10 13:00:00, 2024-03-11 04:44:00, NULL, NULL, 'SCHEDULED', 'C6'),
(207, 'AF194', 'AF', 'A330-300', 'ICN', 'ORD', 2024-03-09 06:45:00, 2024-03-09 16:09:00, NULL, NULL, 'SCHEDULED', 'B31'),
(208, 'MU453', 'MU', 'B737-900', 'PEK', 'ICN', 2024-03-16 18:15:00, 2024-03-17 04:31:00, NULL, NULL, 'SCHEDULED', 'A15'),
(209, 'AF532', 'AF', 'A350-900', 'LHR', 'FRA', 2024-03-21 16:45:00, 2024-03-21 23:35:00, NULL, NULL, 'SCHEDULED', 'E5'),
(210, 'CA876', 'CA', 'A321-200', 'ORD', 'DXB', 2024-03-27 10:30:00, 2024-03-27 20:15:00, NULL, NULL, 'DELAYED', 'D31'),
(211, 'NH689', 'NH', 'A321-200', 'SIN', 'NRT', 2024-03-11 17:15:00, 2024-03-11 21:59:00, NULL, NULL, 'SCHEDULED', 'D18'),
(212, 'OZ724', 'OZ', 'B787-9', 'JFK', 'LAX', 2024-03-01 07:45:00, 2024-03-01 20:15:00, NULL, NULL, 'DELAYED', 'A6'),
(213, 'UA194', 'UA', 'A380-800', 'HND', 'ORD', 2024-03-29 21:00:00, 2024-03-30 04:55:00, NULL, NULL, 'SCHEDULED', 'B20'),
(214, 'CA459', 'CA', 'A380-800', 'ORD', 'FRA', 2024-03-19 15:30:00, 2024-03-19 23:54:00, NULL, NULL, 'DELAYED', 'C50'),
(215, 'NH506', 'NH', 'B787-9', 'FRA', 'CDG', 2024-03-19 07:00:00, 2024-03-19 16:49:00, NULL, NULL, 'DELAYED', 'D27');

-- flights_delay table data
DELETE FROM `flights_delay`;
INSERT INTO `flights_delay` (`delay_id`, `flight_id`, `delay_minutes`, `weather_condition`, `day_of_week`, `aircraft_type`, `airline_code`) VALUES
(201, 201, 0, 'Cloudy', 'Tuesday', 'A380-800', 'KE'),
(213, 213, 0, 'Fog', 'Friday', 'A380-800', 'UA'),
(139, 139, 0, 'Snow', 'Sunday', 'B777-300', 'SQ'),
(177, 177, 1, 'Rain', 'Friday', 'A330-300', 'AF'),
(16, 16, 5, 'Thunderstorm', 'Wednesday', 'A320-200', 'UA'),
(112, 112, 0, 'Clear', 'Thursday', 'B787-9', 'SQ'),
(169, 169, 0, 'Clear', 'Saturday', 'B737-900', 'NH'),
(74, 74, 42, 'Cloudy', 'Friday', 'A320-200', 'NH'),
(205, 205, 12, 'Rain', 'Saturday', 'A350-900', 'NH'),
(140, 140, 9, 'Thunderstorm', 'Monday', 'B777-300', 'JL'),
(159, 159, 13, 'Clear', 'Wednesday', 'A350-900', 'KE'),
(31, 31, 34, 'Clear', 'Thursday', 'A321-200', 'KE'),
(187, 187, 0, 'Rain', 'Tuesday', 'B787-9', 'UA'),
(10, 10, 10, 'Rain', 'Friday', 'B777-300', 'NH'),
(68, 68, 38, 'Clear', 'Sunday', 'A320-200', 'KE'),
(176, 176, 17, 'Thunderstorm', 'Sunday', 'A320-200', 'SQ'),
(172, 172, 11, 'Fog', 'Monday', 'A350-900', 'SQ'),
(19, 19, 41, 'Clear', 'Tuesday', 'A320-200', 'OZ'),
(154, 154, 49, 'Fog', 'Tuesday', 'B777-300', 'CZ'),
(67, 67, 34, 'Cloudy', 'Sunday', 'A350-900', 'DL'),
(186, 186, 24, 'Fog', 'Wednesday', 'A321-200', 'JL'),
(143, 143, 0, 'Thunderstorm', 'Wednesday', 'B777-300', 'DL'),
(80, 80, 0, 'Thunderstorm', 'Thursday', 'B747-8', 'JL'),
(26, 26, 0, 'Thunderstorm', 'Sunday', 'B777-300', 'KE'),
(105, 105, 0, 'Cloudy', 'Friday', 'A380-800', 'JL'),
(146, 146, 0, 'Cloudy', 'Wednesday', 'B737-900', 'NH'),
(190, 190, 0, 'Rain', 'Monday', 'A330-300', 'JL'),
(17, 17, 35, 'Fog', 'Wednesday', 'B787-9', 'EK'),
(46, 46, 18, 'Snow', 'Tuesday', 'B777-300', 'CA'),
(151, 151, 55, 'Clear', 'Saturday', 'A330-300', 'AF'),
(109, 109, 12, 'Clear', 'Sunday', 'A330-300', 'OZ'),
(56, 56, 101, 'Fog', 'Thursday', 'B737-MAX', 'DL'),
(113, 113, 54, 'Clear', 'Saturday', 'A380-800', 'KE'),
(192, 192, 71, 'Thunderstorm', 'Thursday', 'A320-200', 'OZ'),
(125, 125, 18, 'Clear', 'Tuesday', 'B737-MAX', 'BA'),
(129, 129, 0, 'Fog', 'Saturday', 'B777-300', 'AF'),
(76, 76, 14, 'Thunderstorm', 'Saturday', 'A350-900', 'BA'),
(136, 136, 18, 'Thunderstorm', 'Tuesday', 'B777-300', 'KE'),
(119, 119, 28, 'Thunderstorm', 'Thursday', 'A350-900', 'AA'),
(99, 99, 0, 'Thunderstorm', 'Friday', 'A321-200', 'JL'),
(97, 97, 17, 'Fog', 'Friday', 'A330-300', 'EK'),
(184, 184, 34, 'Snow', 'Monday', 'B737-900', 'MU'),
(118, 118, 14, 'Rain', 'Saturday', 'A330-300', 'DL'),
(94, 94, 3, 'Clear', 'Sunday', 'B787-9', 'AA'),
(85, 85, 0, 'Snow', 'Friday', 'A320-200', 'AF'),
(96, 96, 34, 'Clear', 'Monday', 'B787-9', 'AF'),
(138, 138, 44, 'Rain', 'Wednesday', 'B737-MAX', 'NH'),
(211, 211, 16, 'Snow', 'Monday', 'A321-200', 'NH'),
(87, 87, 57, 'Cloudy', 'Friday', 'A350-900', 'UA'),
(163, 163, 16, 'Fog', 'Saturday', 'A320-200', 'MU'),
(153, 153, 5, 'Thunderstorm', 'Saturday', 'A330-300', 'MU'),
(39, 39, 38, 'Fog', 'Wednesday', 'B737-MAX', 'CZ'),
(25, 25, 0, 'Thunderstorm', 'Friday', 'A320-200', 'AA'),
(166, 166, 0, 'Fog', 'Friday', 'A380-800', 'MU'),
(121, 121, 0, 'Snow', 'Tuesday', 'B737-900', 'UA'),
(30, 30, 9, 'Snow', 'Sunday', 'A350-900', 'MU'),
(20, 20, 0, 'Cloudy', 'Wednesday', 'B737-900', 'CZ'),
(70, 70, 0, 'Thunderstorm', 'Monday', 'B747-8', 'CA'),
(98, 98, 0, 'Thunderstorm', 'Wednesday', 'A320-200', 'DL'),
(61, 61, 18, 'Clear', 'Friday', 'B777-300', 'AA'),
(69, 69, 0, 'Snow', 'Thursday', 'A320-200', 'DL'),
(6, 6, 0, 'Snow', 'Friday', 'B787-9', 'UA'),
(137, 137, 70, 'Rain', 'Saturday', 'B747-8', 'SQ'),
(57, 57, 0, 'Clear', 'Sunday', 'A320-200', 'AF'),
(101, 101, 12, 'Clear', 'Sunday', 'A320-200', 'BA'),
(199, 199, 0, 'Rain', 'Tuesday', 'A380-800', 'LH'),
(83, 83, 0, 'Fog', 'Tuesday', 'A330-300', 'JL'),
(66, 66, 18, 'Clear', 'Sunday', 'B777-300', 'EK'),
(110, 110, 29, 'Clear', 'Thursday', 'A330-300', 'CA'),
(183, 183, 10, 'Thunderstorm', 'Monday', 'A330-300', 'MU'),
(32, 32, 0, 'Thunderstorm', 'Friday', 'B777-300', 'MU'),
(13, 13, 17, 'Snow', 'Saturday', 'B777-300', 'DL'),
(36, 36, 0, 'Clear', 'Friday', 'A321-200', 'NH'),
(29, 29, 62, 'Rain', 'Friday', 'A321-200', 'LH'),
(43, 43, 4, 'Snow', 'Wednesday', 'B737-MAX', 'CA'),
(160, 160, 25, 'Cloudy', 'Saturday', 'B747-8', 'EK'),
(102, 102, 0, 'Clear', 'Monday', 'A321-200', 'CZ'),
(147, 147, 39, 'Cloudy', 'Saturday', 'A380-800', 'JL'),
(52, 52, 25, 'Clear', 'Friday', 'B737-MAX', 'LH'),
(206, 206, 31, 'Fog', 'Sunday', 'B787-9', 'DL'),
(174, 174, 40, 'Cloudy', 'Sunday', 'A330-300', 'KE'),
(77, 77, 15, 'Fog', 'Sunday', 'A380-800', 'AF'),
(42, 42, 11, 'Rain', 'Monday', 'A380-800', 'CA'),
(133, 133, 5, 'Fog', 'Wednesday', 'A350-900', 'CA'),
(79, 79, 0, 'Rain', 'Thursday', 'B787-9', 'AF'),
(128, 128, 31, 'Cloudy', 'Friday', 'A330-300', 'KE'),
(27, 27, 44, 'Clear', 'Friday', 'A330-300', 'KE'),
(144, 144, 37, 'Snow', 'Sunday', 'B737-900', 'SQ'),
(114, 114, 24, 'Cloudy', 'Monday', 'A321-200', 'NH'),
(126, 126, 16, 'Snow', 'Saturday', 'B737-900', 'BA'),
(3, 3, 9, 'Thunderstorm', 'Friday', 'A350-900', 'OZ'),
(78, 78, 37, 'Fog', 'Wednesday', 'B787-9', 'CA'),
(47, 47, 54, 'Thunderstorm', 'Saturday', 'B787-9', 'DL'),
(214, 214, 0, 'Cloudy', 'Tuesday', 'A380-800', 'CA'),
(116, 116, 0, 'Snow', 'Friday', 'B737-MAX', 'OZ'),
(91, 91, 4, 'Clear', 'Tuesday', 'B737-MAX', 'EK'),
(86, 86, 15, 'Fog', 'Sunday', 'A321-200', 'KE'),
(145, 145, 22, 'Clear', 'Thursday', 'B787-9', 'JL'),
(37, 37, 0, 'Clear', 'Wednesday', 'B747-8', 'CZ'),
(123, 123, 20, 'Clear', 'Tuesday', 'B787-9', 'MU');

-- passengers table data
DELETE FROM `passengers`;
INSERT INTO `passengers` (`passenger_id`, `first_name`, `last_name`, `email`, `phone`, `passport_number`, `date_of_birth`, `nationality`, `frequent_flyer_number`, `created_at`) VALUES
(1, 'John', 'Smith', 'john.smith@email.com', '+1-555-0101', 'US12345678', 1985-03-15, 'USA', NULL, 2025-08-28 18:50:42),
(2, 'Kim', 'Minjun', 'minjun.kim@email.com', '+82-10-1234-5678', 'KR87654321', 1990-07-22, 'South Korea', NULL, 2025-08-28 18:50:42),
(3, 'Tanaka', 'Yuki', 'yuki.tanaka@email.com', '+81-90-1234-5678', 'JP11223344', 1988-11-30, 'Japan', NULL, 2025-08-28 18:50:42),
(4, 'Sarah', 'Johnson', 'sarah.j@email.com', '+1-555-0102', 'US23456789', 1992-05-18, 'USA', NULL, 2025-08-28 18:50:42),
(5, 'Lee', 'Jiwoo', 'jiwoo.lee@email.com', '+82-10-8765-4321', 'KR99887766', 1995-09-10, 'South Korea', NULL, 2025-08-28 18:50:42),
(6, 'Wang', 'Wei', 'wei.wang@email.com', '+86-138-0000-0000', 'CN55667788', 1987-02-28, 'China', NULL, 2025-08-28 18:50:42),
(7, 'Emma', 'Brown', 'emma.brown@email.com', '+44-20-1234-5678', 'UK33445566', 1993-12-05, 'UK', NULL, 2025-08-28 18:50:42),
(8, 'Pierre', 'Dupont', 'pierre.d@email.com', '+33-6-12-34-56-78', 'FR77889900', 1989-04-17, 'France', NULL, 2025-08-28 18:50:42),
(9, 'Lisa', 'Anderson', 'lisa.a@email.com', '+1-555-0103', 'US34567890', 1991-08-25, 'USA', NULL, 2025-08-28 18:50:42),
(10, 'Chen', 'Xiaoming', 'xiaoming.c@email.com', '+65-9123-4567', 'SG22334455', 1994-01-12, 'Singapore', NULL, 2025-08-28 18:50:42),
(11, 'Park', 'Sooyoung', 'sooyoung.park@email.com', '+82-10-5555-6666', 'KR11112222', 1993-06-30, 'South Korea', NULL, 2025-08-28 18:50:42),
(12, 'Garcia', 'Maria', 'maria.garcia@email.com', '+34-612-345-678', 'ES44556677', 1986-11-15, 'Spain', NULL, 2025-08-28 18:50:42),
(13, 'Kumar', 'Raj', 'raj.kumar@email.com', '+91-98765-43210', 'IN88990011', 1990-04-22, 'India', NULL, 2025-08-28 18:50:42),
(14, 'Mueller', 'Hans', 'hans.mueller@email.com', '+49-170-1234567', 'DE22334455', 1988-09-08, 'Germany', NULL, 2025-08-28 18:50:42),
(15, 'Silva', 'Ana', 'ana.silva@email.com', '+55-11-98765-4321', 'BR66778899', 1992-03-25, 'Brazil', NULL, 2025-08-28 18:50:42),
(16, 'Mark', 'Matthews', 'mark.matthews0@gmail.com', '+82-804-1903-5379', 'M10000000', 1990-05-13, 'South Korea', NULL, 2025-08-28 14:52:03),
(17, 'Nicole', 'Ryan', 'nicole.ryan1@naver.com', '+86-652-3712-6517', 'G10000001', 1998-10-26, 'China', NULL, 2025-08-28 14:52:03),
(18, 'Jessica', 'Nguyen', 'jessica.nguyen2@hotmail.com', '+81-557-8962-8235', 'TZ10000002', 2002-06-02, 'Japan', NULL, 2025-08-28 14:52:03),
(19, 'Kathryn', 'Mccoy', 'kathryn.mccoy3@hotmail.com', '+81-619-2507-2861', 'TZ10000003', 1976-07-20, 'Japan', NULL, 2025-08-28 14:52:03),
(20, 'Jeffrey', 'Vasquez', 'jeffrey.vasquez4@naver.com', '+1-347-6350-2010', 'US10000004', 1976-03-18, 'USA', NULL, 2025-08-28 14:52:03),
(21, 'Scott', 'Gonzales', 'scott.gonzales5@hotmail.com', '+1-396-5637-2141', 'US10000005', 1992-05-20, 'USA', NULL, 2025-08-28 14:52:03),
(22, 'Amanda', 'Robertson', 'amanda.robertson6@naver.com', '+82-686-3839-6089', 'M10000006', 1990-08-26, 'South Korea', NULL, 2025-08-28 14:52:03),
(23, 'Allison', 'Diaz', 'allison.diaz7@naver.com', '+49-679-7173-7571', 'C10000007', 1992-09-10, 'Germany', NULL, 2025-08-28 14:52:03),
(24, 'Sarah', 'Williams', 'sarah.williams8@gmail.com', '+82-992-8925-1981', 'M10000008', 2003-08-24, 'South Korea', NULL, 2025-08-28 14:52:03),
(25, 'Luis', 'Lee', 'luis.lee9@hotmail.com', '+33-206-7221-4143', 'FR10000009', 1994-01-13, 'France', NULL, 2025-08-28 14:52:03),
(26, 'Dylan', 'Payne', 'dylan.payne10@yahoo.com', '+81-175-7682-5356', 'TZ10000010', 1998-03-19, 'Japan', NULL, 2025-08-28 14:52:03),
(27, 'Scott', 'Allen', 'scott.allen11@naver.com', '+86-783-1553-1245', 'G10000011', 1989-08-18, 'China', NULL, 2025-08-28 14:52:03),
(28, 'Jennifer', 'Wade', 'jennifer.wade12@gmail.com', '+82-713-7800-3965', 'M10000012', 1958-07-07, 'South Korea', NULL, 2025-08-28 14:52:03),
(29, 'Roy', 'White', 'roy.white13@yahoo.com', '+81-192-6029-1821', 'TZ10000013', 2002-03-16, 'Japan', NULL, 2025-08-28 14:52:03),
(30, 'James', 'Ellison', 'james.ellison14@naver.com', '+82-356-6886-6805', 'M10000014', 1977-05-26, 'South Korea', NULL, 2025-08-28 14:52:03),
(31, 'Amber', 'Bishop', 'amber.bishop15@naver.com', '+1-310-1298-4161', 'CA10000015', 1994-12-04, 'Canada', NULL, 2025-08-28 14:52:03),
(32, 'Rita', 'Lamb', 'rita.lamb16@gmail.com', '+44-215-5137-4086', 'UK10000016', 1975-01-17, 'UK', NULL, 2025-08-28 14:52:03),
(33, 'Amy', 'Lindsey', 'amy.lindsey17@hotmail.com', '+1-326-8749-9832', 'US10000017', 2004-06-01, 'USA', NULL, 2025-08-28 14:52:03),
(34, 'Kyle', 'Smith', 'kyle.smith18@hotmail.com', '+82-481-2837-4755', 'M10000018', 1991-01-25, 'South Korea', NULL, 2025-08-28 14:52:03),
(35, 'Maria', 'King', 'maria.king19@gmail.com', '+82-418-6092-1762', 'M10000019', 1990-09-16, 'South Korea', NULL, 2025-08-28 14:52:03),
(36, 'Elizabeth', 'Leon', 'elizabeth.leon20@gmail.com', '+1-290-7704-1889', 'US10000020', 1996-09-02, 'USA', NULL, 2025-08-28 14:52:03),
(37, 'Benjamin', 'Vasquez', 'benjamin.vasquez21@hotmail.com', '+1-140-2309-7591', 'US10000021', 2003-09-27, 'USA', NULL, 2025-08-28 14:52:03),
(38, 'Gregory', 'Velazquez', 'gregory.velazquez22@yahoo.com', '+82-111-2254-4511', 'M10000022', 1995-06-16, 'South Korea', NULL, 2025-08-28 14:52:03),
(39, 'Courtney', 'Bell', 'courtney.bell23@gmail.com', '+1-888-5728-3498', 'US10000023', 1991-12-19, 'USA', NULL, 2025-08-28 14:52:03),
(40, 'Walter', 'Gordon', 'walter.gordon24@naver.com', '+49-592-3983-2382', 'C10000024', 1986-11-23, 'Germany', NULL, 2025-08-28 14:52:03),
(41, 'Anna', 'Wells', 'anna.wells25@gmail.com', '+49-892-7372-7384', 'C10000025', 1990-06-11, 'Germany', NULL, 2025-08-28 14:52:03),
(42, 'Andrew', 'Lester', 'andrew.lester26@naver.com', '+82-107-1369-6831', 'M10000026', 2000-10-22, 'South Korea', NULL, 2025-08-28 14:52:03),
(43, 'David', 'Craig', 'david.craig27@yahoo.com', '+81-333-9059-5515', 'TZ10000027', 1971-08-03, 'Japan', NULL, 2025-08-28 14:52:03),
(44, 'Scott', 'Garcia', 'scott.garcia28@naver.com', '+1-643-5642-8717', 'US10000028', 1984-06-12, 'USA', NULL, 2025-08-28 14:52:03),
(45, 'William', 'Miller', 'william.miller29@naver.com', '+1-197-2982-4542', 'US10000029', 1997-01-19, 'USA', NULL, 2025-08-28 14:52:03),
(46, 'Kevin', 'Ross', 'kevin.ross30@gmail.com', '+33-704-6881-1644', 'FR10000030', 1986-06-20, 'France', NULL, 2025-08-28 14:52:03),
(47, 'Kristie', 'Patel', 'kristie.patel31@yahoo.com', '+82-545-1054-9256', 'M10000031', 1996-12-01, 'South Korea', NULL, 2025-08-28 14:52:03),
(48, 'Eugene', 'Marshall', 'eugene.marshall32@yahoo.com', '+82-689-9489-5115', 'M10000032', 2003-04-15, 'South Korea', NULL, 2025-08-28 14:52:03),
(49, 'Dawn', 'Brown', 'dawn.brown33@yahoo.com', '+86-282-3669-6974', 'G10000033', 1978-11-07, 'China', NULL, 2025-08-28 14:52:03),
(50, 'Katrina', 'Edwards', 'katrina.edwards34@gmail.com', '+81-656-8836-4875', 'TZ10000034', 1976-12-02, 'Japan', NULL, 2025-08-28 14:52:03),
(51, 'Gregory', 'Jackson', 'gregory.jackson35@gmail.com', '+61-763-9182-8482', 'PA10000035', 1977-01-15, 'Australia', NULL, 2025-08-28 14:52:03),
(52, 'Jodi', 'Montgomery', 'jodi.montgomery36@hotmail.com', '+49-749-1176-5577', 'C10000036', 1982-02-09, 'Germany', NULL, 2025-08-28 14:52:03),
(53, 'Amber', 'West', 'amber.west37@yahoo.com', '+82-766-7544-7854', 'M10000037', 2003-05-05, 'South Korea', NULL, 2025-08-28 14:52:03),
(54, 'Anthony', 'Alexander', 'anthony.alexander38@hotmail.com', '+81-122-8662-6637', 'TZ10000038', 1983-06-11, 'Japan', NULL, 2025-08-28 14:52:03),
(55, 'Hector', 'Strong', 'hector.strong39@hotmail.com', '+1-298-9348-9392', 'US10000039', 1965-05-16, 'USA', NULL, 2025-08-28 14:52:03),
(56, 'Veronica', 'Schwartz', 'veronica.schwartz40@yahoo.com', '+81-486-6186-2524', 'TZ10000040', 1980-02-24, 'Japan', NULL, 2025-08-28 14:52:03),
(57, 'Jeffrey', 'Simmons', 'jeffrey.simmons41@naver.com', '+82-822-6498-2950', 'M10000041', 1999-11-18, 'South Korea', NULL, 2025-08-28 14:52:03),
(58, 'Derek', 'Ray', 'derek.ray42@naver.com', '+1-640-1605-7542', 'US10000042', 1972-03-23, 'USA', NULL, 2025-08-28 14:52:03),
(59, 'Sarah', 'Arellano', 'sarah.arellano43@gmail.com', '+82-912-7994-9049', 'M10000043', 1987-06-07, 'South Korea', NULL, 2025-08-28 14:52:03),
(60, 'Pam', 'Henderson', 'pam.henderson44@naver.com', '+1-386-3108-1396', 'US10000044', 1975-07-23, 'USA', NULL, 2025-08-28 14:52:03),
(61, 'Alexander', 'Lindsey', 'alexander.lindsey45@naver.com', '+1-276-8398-7889', 'US10000045', 1969-12-15, 'USA', NULL, 2025-08-28 14:52:03),
(62, 'Keith', 'Taylor', 'keith.taylor46@naver.com', '+1-395-5099-9298', 'US10000046', 2002-11-15, 'USA', NULL, 2025-08-28 14:52:03),
(63, 'Steven', 'Rodriguez', 'steven.rodriguez47@hotmail.com', '+82-692-4702-8318', 'M10000047', 1985-03-04, 'South Korea', NULL, 2025-08-28 14:52:03),
(64, 'Frank', 'Salazar', 'frank.salazar48@hotmail.com', '+33-249-6317-5351', 'FR10000048', 1977-01-01, 'France', NULL, 2025-08-28 14:52:03),
(65, 'Anthony', 'Moore', 'anthony.moore49@hotmail.com', '+61-508-4010-6861', 'PA10000049', 1993-03-12, 'Australia', NULL, 2025-08-28 14:52:03),
(66, 'Todd', 'Maxwell', 'todd.maxwell50@gmail.com', '+33-931-9471-6057', 'FR10000050', 1994-04-26, 'France', NULL, 2025-08-28 14:52:03),
(67, 'Elizabeth', 'Davidson', 'elizabeth.davidson51@yahoo.com', '+1-818-6885-8954', 'US10000051', 1978-09-05, 'USA', NULL, 2025-08-28 14:52:03),
(68, 'Bryce', 'Smith', 'bryce.smith52@naver.com', '+49-574-4996-4690', 'C10000052', 1980-10-11, 'Germany', NULL, 2025-08-28 14:52:03),
(69, 'Michael', 'Campbell', 'michael.campbell53@hotmail.com', '+82-182-3834-8060', 'M10000053', 1994-03-23, 'South Korea', NULL, 2025-08-28 14:52:03),
(70, 'David', 'Grimes', 'david.grimes54@hotmail.com', '+81-745-6989-2316', 'TZ10000054', 1997-08-06, 'Japan', NULL, 2025-08-28 14:52:03),
(71, 'Kim', 'Sanchez', 'kim.sanchez55@naver.com', '+82-890-2790-8515', 'M10000055', 1980-02-09, 'South Korea', NULL, 2025-08-28 14:52:03),
(72, 'Tammy', 'Nelson', 'tammy.nelson56@gmail.com', '+86-444-2827-8973', 'G10000056', 1982-08-22, 'China', NULL, 2025-08-28 14:52:03),
(73, 'Frank', 'Mitchell', 'frank.mitchell57@yahoo.com', '+81-858-5008-3880', 'TZ10000057', 1977-06-22, 'Japan', NULL, 2025-08-28 14:52:03),
(74, 'Barbara', 'Smith', 'barbara.smith58@hotmail.com', '+86-215-8926-4106', 'G10000058', 1979-10-05, 'China', NULL, 2025-08-28 14:52:03),
(75, 'Charles', 'Gomez', 'charles.gomez59@naver.com', '+82-337-7141-7182', 'M10000059', 2004-06-14, 'South Korea', NULL, 2025-08-28 14:52:03),
(76, 'Savannah', 'Price', 'savannah.price60@naver.com', '+49-806-3162-6757', 'C10000060', 1959-01-15, 'Germany', NULL, 2025-08-28 14:52:03),
(77, 'Robert', 'Jones', 'robert.jones61@naver.com', '+1-872-2872-9668', 'US10000061', 1993-06-15, 'USA', NULL, 2025-08-28 14:52:03),
(78, 'Heidi', 'Williams', 'heidi.williams62@naver.com', '+33-761-5291-2154', 'FR10000062', 1969-08-11, 'France', NULL, 2025-08-28 14:52:03),
(79, 'Shawn', 'Allen', 'shawn.allen63@gmail.com', '+81-644-1426-4304', 'TZ10000063', 2004-01-03, 'Japan', NULL, 2025-08-28 14:52:03),
(80, 'Thomas', 'Gilbert', 'thomas.gilbert64@yahoo.com', '+82-115-6873-1082', 'M10000064', 1989-12-23, 'South Korea', NULL, 2025-08-28 14:52:03),
(81, 'Joy', 'Rodriguez', 'joy.rodriguez65@gmail.com', '+1-352-7663-7279', 'US10000065', 1981-11-02, 'USA', NULL, 2025-08-28 14:52:03),
(82, 'Scott', 'Baldwin', 'scott.baldwin66@gmail.com', '+82-905-5774-7013', 'M10000066', 1960-04-18, 'South Korea', NULL, 2025-08-28 14:52:03),
(83, 'Connie', 'Berger', 'connie.berger67@gmail.com', '+82-345-7942-3489', 'M10000067', 1996-08-08, 'South Korea', NULL, 2025-08-28 14:52:03),
(84, 'Tina', 'Cummings', 'tina.cummings68@yahoo.com', '+82-466-3841-8049', 'M10000068', 1964-08-03, 'South Korea', NULL, 2025-08-28 14:52:03),
(85, 'Joseph', 'Bridges', 'joseph.bridges69@yahoo.com', '+81-277-2826-1354', 'TZ10000069', 2000-09-17, 'Japan', NULL, 2025-08-28 14:52:03),
(86, 'Lisa', 'Curry', 'lisa.curry70@gmail.com', '+1-215-2664-6412', 'US10000070', 1980-12-04, 'USA', NULL, 2025-08-28 14:52:03),
(87, 'Maria', 'Maxwell', 'maria.maxwell71@yahoo.com', '+1-836-4295-2195', 'US10000071', 2001-10-28, 'USA', NULL, 2025-08-28 14:52:03),
(88, 'Mark', 'Jones', 'mark.jones72@naver.com', '+82-739-3701-4985', 'M10000072', 1994-07-11, 'South Korea', NULL, 2025-08-28 14:52:03),
(89, 'Lori', 'Collins', 'lori.collins73@hotmail.com', '+81-122-3417-1201', 'TZ10000073', 2003-06-02, 'Japan', NULL, 2025-08-28 14:52:03),
(90, 'Vicki', 'Moore', 'vicki.moore74@hotmail.com', '+86-345-2278-4335', 'G10000074', 1988-02-10, 'China', NULL, 2025-08-28 14:52:03),
(91, 'Paul', 'Wise', 'paul.wise75@hotmail.com', '+81-871-5617-1623', 'TZ10000075', 1987-03-06, 'Japan', NULL, 2025-08-28 14:52:03),
(92, 'Heidi', 'Edwards', 'heidi.edwards76@yahoo.com', '+61-989-4167-2904', 'PA10000076', 2002-04-07, 'Australia', NULL, 2025-08-28 14:52:03),
(93, 'Mark', 'Thompson', 'mark.thompson77@gmail.com', '+82-836-7644-1314', 'M10000077', 1994-11-15, 'South Korea', NULL, 2025-08-28 14:52:03),
(94, 'Michael', 'Salazar', 'michael.salazar78@naver.com', '+82-894-5017-5190', 'M10000078', 1984-10-06, 'South Korea', NULL, 2025-08-28 14:52:03),
(95, 'Madison', 'Smith', 'madison.smith79@naver.com', '+86-641-3891-8015', 'G10000079', 2000-02-16, 'China', NULL, 2025-08-28 14:52:03),
(96, 'Robyn', 'Mack', 'robyn.mack80@yahoo.com', '+81-748-1847-1523', 'TZ10000080', 1990-12-03, 'Japan', NULL, 2025-08-28 14:52:03),
(97, 'Nathan', 'Smith', 'nathan.smith81@hotmail.com', '+49-789-1866-4749', 'C10000081', 2002-07-19, 'Germany', NULL, 2025-08-28 14:52:03),
(98, 'David', 'Perry', 'david.perry82@yahoo.com', '+82-250-7074-9258', 'M10000082', 1955-02-09, 'South Korea', NULL, 2025-08-28 14:52:03),
(99, 'Thomas', 'Perry', 'thomas.perry83@naver.com', '+86-576-2593-3990', 'G10000083', 1991-01-24, 'China', NULL, 2025-08-28 14:52:03),
(100, 'John', 'Alexander', 'john.alexander84@naver.com', '+82-175-8597-4052', 'M10000084', 1982-11-04, 'South Korea', NULL, 2025-08-28 14:52:03),
(101, 'April', 'Williamson', 'april.williamson85@hotmail.com', '+86-188-1977-3395', 'G10000085', 1977-09-21, 'China', NULL, 2025-08-28 14:52:03),
(102, 'Kevin', 'Wright', 'kevin.wright86@naver.com', '+82-431-5393-6887', 'M10000086', 1986-06-02, 'South Korea', NULL, 2025-08-28 14:52:03),
(103, 'Thomas', 'Martin', 'thomas.martin87@gmail.com', '+49-420-6393-9255', 'C10000087', 1970-03-23, 'Germany', NULL, 2025-08-28 14:52:03),
(104, 'Jeremy', 'Brown', 'jeremy.brown88@hotmail.com', '+1-928-1612-4657', 'US10000088', 1981-12-12, 'USA', NULL, 2025-08-28 14:52:03),
(105, 'Morgan', 'Cortez', 'morgan.cortez89@yahoo.com', '+82-228-6857-4946', 'M10000089', 1983-03-03, 'South Korea', NULL, 2025-08-28 14:52:03),
(106, 'John', 'Goodman', 'john.goodman90@hotmail.com', '+1-227-4736-1611', 'US10000090', 1989-03-05, 'USA', NULL, 2025-08-28 14:52:03),
(107, 'Lisa', 'Johnson', 'lisa.johnson91@hotmail.com', '+1-742-2232-2010', 'US10000091', 1985-01-11, 'USA', NULL, 2025-08-28 14:52:03),
(108, 'Samantha', 'Norman', 'samantha.norman92@hotmail.com', '+33-976-9321-5628', 'FR10000092', 1990-02-19, 'France', NULL, 2025-08-28 14:52:03),
(109, 'Ronald', 'Carter', 'ronald.carter93@yahoo.com', '+49-899-2086-2087', 'C10000093', 1988-10-22, 'Germany', NULL, 2025-08-28 14:52:03),
(110, 'Brett', 'Santana', 'brett.santana94@naver.com', '+81-769-4850-4645', 'TZ10000094', 1994-07-07, 'Japan', NULL, 2025-08-28 14:52:03),
(111, 'Darius', 'Snyder', 'darius.snyder95@gmail.com', '+82-842-5158-5840', 'M10000095', 1996-11-20, 'South Korea', NULL, 2025-08-28 14:52:03),
(112, 'Andrea', 'Young', 'andrea.young96@hotmail.com', '+33-600-8084-3522', 'FR10000096', 1985-03-01, 'France', NULL, 2025-08-28 14:52:03),
(113, 'Brandon', 'Lane', 'brandon.lane97@yahoo.com', '+1-658-1928-5597', 'US10000097', 1985-09-04, 'USA', NULL, 2025-08-28 14:52:03),
(114, 'Crystal', 'Charles', 'crystal.charles98@hotmail.com', '+81-305-8995-7031', 'TZ10000098', 1977-08-28, 'Japan', NULL, 2025-08-28 14:52:03),
(115, 'Kathleen', 'Moore', 'kathleen.moore99@gmail.com', '+82-384-6158-6684', 'M10000099', 2002-02-12, 'South Korea', NULL, 2025-08-28 14:52:03),
(116, 'Brittney', 'Lane', 'brittney.lane100@gmail.com', '+49-867-8345-4415', 'C10000100', 2003-06-16, 'Germany', NULL, 2025-08-28 14:52:03),
(117, 'Laura', 'Anderson', 'laura.anderson101@naver.com', '+82-664-6912-1637', 'M10000101', 1978-10-24, 'South Korea', NULL, 2025-08-28 14:52:03),
(118, 'Brian', 'Hubbard', 'brian.hubbard102@gmail.com', '+86-174-9368-7462', 'G10000102', 1971-09-19, 'China', NULL, 2025-08-28 14:52:03),
(119, 'Anthony', 'Rogers', 'anthony.rogers103@yahoo.com', '+82-751-8031-2448', 'M10000103', 1994-02-11, 'South Korea', NULL, 2025-08-28 14:52:03),
(120, 'Jeffrey', 'Bradley', 'jeffrey.bradley104@gmail.com', '+81-486-6633-8212', 'TZ10000104', 1989-08-14, 'Japan', NULL, 2025-08-28 14:52:03),
(121, 'Stephen', 'Rowland', 'stephen.rowland105@naver.com', '+49-821-3576-9375', 'C10000105', 1995-03-22, 'Germany', NULL, 2025-08-28 14:52:03),
(122, 'Joshua', 'Knight', 'joshua.knight106@yahoo.com', '+86-658-3823-4196', 'G10000106', 1987-01-22, 'China', NULL, 2025-08-28 14:52:03),
(123, 'Cindy', 'Roman', 'cindy.roman107@naver.com', '+86-964-4237-6129', 'G10000107', 1995-06-27, 'China', NULL, 2025-08-28 14:52:03),
(124, 'Victoria', 'Mack', 'victoria.mack108@yahoo.com', '+82-273-6026-1342', 'M10000108', 1979-11-22, 'South Korea', NULL, 2025-08-28 14:52:03),
(125, 'Alexandra', 'Jones', 'alexandra.jones109@naver.com', '+81-966-8337-8701', 'TZ10000109', 1990-08-16, 'Japan', NULL, 2025-08-28 14:52:03),
(126, 'Nathan', 'Sullivan', 'nathan.sullivan110@yahoo.com', '+1-327-5112-3731', 'US10000110', 1994-01-08, 'USA', NULL, 2025-08-28 14:52:03),
(127, 'Allison', 'Stein', 'allison.stein111@naver.com', '+81-154-3820-1906', 'TZ10000111', 2000-07-26, 'Japan', NULL, 2025-08-28 14:52:03),
(128, 'John', 'Smith', 'john.smith112@yahoo.com', '+1-943-9278-8830', 'US10000112', 1991-02-13, 'USA', NULL, 2025-08-28 14:52:03),
(129, 'Pam', 'Singh', 'pam.singh113@yahoo.com', '+82-426-6033-8373', 'M10000113', 1976-09-18, 'South Korea', NULL, 2025-08-28 14:52:03),
(130, 'Ryan', 'Waters', 'ryan.waters114@naver.com', '+61-777-4260-5974', 'PA10000114', 1969-01-27, 'Australia', NULL, 2025-08-28 14:52:03),
(131, 'Aaron', 'Newman', 'aaron.newman115@gmail.com', '+1-930-3009-1299', 'CA10000115', 1992-05-27, 'Canada', NULL, 2025-08-28 14:52:03),
(132, 'Jacob', 'Smith', 'jacob.smith116@hotmail.com', '+44-271-7214-9146', 'UK10000116', 1974-05-03, 'UK', NULL, 2025-08-28 14:52:03),
(133, 'Sandra', 'Ramos', 'sandra.ramos117@yahoo.com', '+82-602-2518-5414', 'M10000117', 1994-09-01, 'South Korea', NULL, 2025-08-28 14:52:03),
(134, 'Sandra', 'Johnson', 'sandra.johnson118@yahoo.com', '+82-614-7223-4475', 'M10000118', 1961-04-28, 'South Korea', NULL, 2025-08-28 14:52:03),
(135, 'Joshua', 'Smith', 'joshua.smith119@naver.com', '+82-359-3978-9268', 'M10000119', 1963-11-01, 'South Korea', NULL, 2025-08-28 14:52:03),
(136, 'Robin', 'Ward', 'robin.ward120@yahoo.com', '+86-646-2711-3664', 'G10000120', 1984-08-16, 'China', NULL, 2025-08-28 14:52:03),
(137, 'Felicia', 'Rice', 'felicia.rice121@gmail.com', '+61-732-9663-2395', 'PA10000121', 2002-03-24, 'Australia', NULL, 2025-08-28 14:52:03),
(138, 'Connie', 'Daniels', 'connie.daniels122@gmail.com', '+82-951-5165-4265', 'M10000122', 1960-09-08, 'South Korea', NULL, 2025-08-28 14:52:03),
(139, 'Jason', 'Reynolds', 'jason.reynolds123@naver.com', '+1-646-8992-2275', 'US10000123', 1995-07-04, 'USA', NULL, 2025-08-28 14:52:03),
(140, 'Beth', 'Morales', 'beth.morales124@gmail.com', '+82-616-3811-4448', 'M10000124', 1964-01-04, 'South Korea', NULL, 2025-08-28 14:52:03),
(141, 'Scott', 'Cole', 'scott.cole125@hotmail.com', '+82-685-8897-1447', 'M10000125', 2001-06-11, 'South Korea', NULL, 2025-08-28 14:52:03),
(142, 'Karen', 'Gutierrez', 'karen.gutierrez126@gmail.com', '+81-663-4439-4371', 'TZ10000126', 1983-05-20, 'Japan', NULL, 2025-08-28 14:52:03),
(143, 'Cynthia', 'Williams', 'cynthia.williams127@yahoo.com', '+82-263-7329-7051', 'M10000127', 1999-01-02, 'South Korea', NULL, 2025-08-28 14:52:03),
(144, 'Jennifer', 'Hamilton', 'jennifer.hamilton128@gmail.com', '+61-897-7626-4847', 'PA10000128', 1979-10-02, 'Australia', NULL, 2025-08-28 14:52:03),
(145, 'Scott', 'Moore', 'scott.moore129@yahoo.com', '+1-430-2532-7596', 'US10000129', 1968-01-04, 'USA', NULL, 2025-08-28 14:52:03),
(146, 'Jason', 'Wolfe', 'jason.wolfe130@naver.com', '+82-407-8778-4294', 'M10000130', 1996-05-02, 'South Korea', NULL, 2025-08-28 14:52:03),
(147, 'Jennifer', 'Moore', 'jennifer.moore131@hotmail.com', '+82-532-4699-9590', 'M10000131', 1999-06-07, 'South Korea', NULL, 2025-08-28 14:52:03),
(148, 'Kelly', 'Coleman', 'kelly.coleman132@hotmail.com', '+82-624-8067-9539', 'M10000132', 1981-05-03, 'South Korea', NULL, 2025-08-28 14:52:03),
(149, 'John', 'Liu', 'john.liu133@gmail.com', '+49-404-3362-8051', 'C10000133', 2000-08-24, 'Germany', NULL, 2025-08-28 14:52:03),
(150, 'Martha', 'Dorsey', 'martha.dorsey134@naver.com', '+82-300-7646-3634', 'M10000134', 1995-09-22, 'South Korea', NULL, 2025-08-28 14:52:03),
(151, 'Kim', 'Jones', 'kim.jones135@gmail.com', '+82-276-5063-7084', 'M10000135', 1993-02-26, 'South Korea', NULL, 2025-08-28 14:52:03),
(152, 'Connor', 'Garcia', 'connor.garcia136@yahoo.com', '+49-997-3153-8883', 'C10000136', 2004-06-28, 'Germany', NULL, 2025-08-28 14:52:03),
(153, 'Jeremiah', 'Flores', 'jeremiah.flores137@gmail.com', '+82-849-2816-5346', 'M10000137', 1989-06-27, 'South Korea', NULL, 2025-08-28 14:52:03),
(154, 'Mason', 'Decker', 'mason.decker138@yahoo.com', '+86-507-6823-5974', 'G10000138', 1981-12-01, 'China', NULL, 2025-08-28 14:52:03),
(155, 'Angela', 'Wood', 'angela.wood139@hotmail.com', '+82-773-8818-7718', 'M10000139', 1983-06-24, 'South Korea', NULL, 2025-08-28 14:52:03),
(156, 'Joseph', 'Mercer', 'joseph.mercer140@yahoo.com', '+1-310-2832-7032', 'US10000140', 1992-10-26, 'USA', NULL, 2025-08-28 14:52:03),
(157, 'Melissa', 'Graham', 'melissa.graham141@yahoo.com', '+81-954-3198-9092', 'TZ10000141', 2001-05-15, 'Japan', NULL, 2025-08-28 14:52:03),
(158, 'Brenda', 'Jacobs', 'brenda.jacobs142@hotmail.com', '+81-413-2106-7241', 'TZ10000142', 2000-02-27, 'Japan', NULL, 2025-08-28 14:52:03),
(159, 'Johnny', 'Brooks', 'johnny.brooks143@gmail.com', '+1-897-1762-8650', 'US10000143', 1985-08-06, 'USA', NULL, 2025-08-28 14:52:03),
(160, 'Joseph', 'Garcia', 'joseph.garcia144@naver.com', '+1-180-7072-2754', 'CA10000144', 1999-10-12, 'Canada', NULL, 2025-08-28 14:52:03),
(161, 'Martin', 'Mcguire', 'martin.mcguire145@hotmail.com', '+82-880-2827-5483', 'M10000145', 1985-02-26, 'South Korea', NULL, 2025-08-28 14:52:03),
(162, 'Victoria', 'Hunter', 'victoria.hunter146@gmail.com', '+81-843-5573-2967', 'TZ10000146', 1993-05-17, 'Japan', NULL, 2025-08-28 14:52:03),
(163, 'Lisa', 'Bradley', 'lisa.bradley147@hotmail.com', '+82-331-2737-9752', 'M10000147', 1977-12-24, 'South Korea', NULL, 2025-08-28 14:52:03),
(164, 'Allison', 'Clark', 'allison.clark148@yahoo.com', '+81-473-2625-1180', 'TZ10000148', 1988-08-13, 'Japan', NULL, 2025-08-28 14:52:03),
(165, 'Tiffany', 'Weber', 'tiffany.weber149@hotmail.com', '+1-102-4981-2908', 'US10000149', 1990-10-06, 'USA', NULL, 2025-08-28 14:52:03),
(166, 'Elizabeth', 'Welch', 'elizabeth.welch150@naver.com', '+81-841-3864-7423', 'TZ10000150', 2004-01-14, 'Japan', NULL, 2025-08-28 14:52:03),
(167, 'Joseph', 'Duran', 'joseph.duran151@yahoo.com', '+1-509-8464-7613', 'CA10000151', 1990-01-14, 'Canada', NULL, 2025-08-28 14:52:03),
(168, 'Karen', 'Lawson', 'karen.lawson152@naver.com', '+82-128-5897-6997', 'M10000152', 1962-03-15, 'South Korea', NULL, 2025-08-28 14:52:03),
(169, 'Lori', 'Walker', 'lori.walker153@yahoo.com', '+1-989-5486-3415', 'US10000153', 1994-03-15, 'USA', NULL, 2025-08-28 14:52:03),
(170, 'Chelsea', 'Goodman', 'chelsea.goodman154@hotmail.com', '+49-386-8296-8621', 'C10000154', 1960-11-19, 'Germany', NULL, 2025-08-28 14:52:03),
(171, 'Andrew', 'Hunt', 'andrew.hunt155@hotmail.com', '+81-139-8427-8885', 'TZ10000155', 1996-03-28, 'Japan', NULL, 2025-08-28 14:52:03),
(172, 'Keith', 'Aguirre', 'keith.aguirre156@yahoo.com', '+86-725-5655-4819', 'G10000156', 1993-11-14, 'China', NULL, 2025-08-28 14:52:03),
(173, 'James', 'Martinez', 'james.martinez157@yahoo.com', '+33-886-6996-8378', 'FR10000157', 1979-08-28, 'France', NULL, 2025-08-28 14:52:03),
(174, 'John', 'Freeman', 'john.freeman158@naver.com', '+49-386-7335-7889', 'C10000158', 1984-07-17, 'Germany', NULL, 2025-08-28 14:52:03),
(175, 'Stacy', 'Flores', 'stacy.flores159@gmail.com', '+81-147-7106-7959', 'TZ10000159', 1986-12-17, 'Japan', NULL, 2025-08-28 14:52:03),
(176, 'Kyle', 'Rios', 'kyle.rios160@naver.com', '+82-109-7804-2332', 'M10000160', 1969-09-28, 'South Korea', NULL, 2025-08-28 14:52:03),
(177, 'Tiffany', 'Hughes', 'tiffany.hughes161@yahoo.com', '+81-914-7301-4487', 'TZ10000161', 2001-10-19, 'Japan', NULL, 2025-08-28 14:52:03),
(178, 'Darlene', 'Moore', 'darlene.moore162@yahoo.com', '+1-379-7353-4715', 'US10000162', 1982-10-27, 'USA', NULL, 2025-08-28 14:52:03),
(179, 'Jeremy', 'Clark', 'jeremy.clark163@hotmail.com', '+82-766-4377-2749', 'M10000163', 1957-05-19, 'South Korea', NULL, 2025-08-28 14:52:03),
(180, 'Nicholas', 'Nelson', 'nicholas.nelson164@hotmail.com', '+82-119-4917-3446', 'M10000164', 1960-01-22, 'South Korea', NULL, 2025-08-28 14:52:03),
(181, 'Deborah', 'Baker', 'deborah.baker165@hotmail.com', '+82-354-8131-7737', 'M10000165', 1989-06-22, 'South Korea', NULL, 2025-08-28 14:52:03),
(182, 'Crystal', 'Morales', 'crystal.morales166@hotmail.com', '+81-136-3315-1836', 'TZ10000166', 1994-11-02, 'Japan', NULL, 2025-08-28 14:52:03),
(183, 'Randall', 'Jones', 'randall.jones167@hotmail.com', '+1-988-1161-8411', 'US10000167', 1960-09-09, 'USA', NULL, 2025-08-28 14:52:03),
(184, 'Keith', 'Gonzalez', 'keith.gonzalez168@naver.com', '+86-864-1661-7490', 'G10000168', 1974-12-09, 'China', NULL, 2025-08-28 14:52:03),
(185, 'Brent', 'Cooper', 'brent.cooper169@naver.com', '+82-229-8779-3317', 'M10000169', 2003-09-12, 'South Korea', NULL, 2025-08-28 14:52:03),
(186, 'Todd', 'Kirk', 'todd.kirk170@gmail.com', '+61-983-6330-4653', 'PA10000170', 1994-12-23, 'Australia', NULL, 2025-08-28 14:52:03),
(187, 'Zoe', 'Smith', 'zoe.smith171@yahoo.com', '+44-332-5352-4667', 'UK10000171', 1997-10-25, 'UK', NULL, 2025-08-28 14:52:03),
(188, 'Victor', 'Alvarez', 'victor.alvarez172@hotmail.com', '+49-429-7787-5418', 'C10000172', 1966-09-21, 'Germany', NULL, 2025-08-28 14:52:03),
(189, 'Jeffery', 'Buchanan', 'jeffery.buchanan173@naver.com', '+82-439-4124-9341', 'M10000173', 2004-01-18, 'South Korea', NULL, 2025-08-28 14:52:03),
(190, 'Brian', 'West', 'brian.west174@hotmail.com', '+82-785-3579-9406', 'M10000174', 1994-03-22, 'South Korea', NULL, 2025-08-28 14:52:03),
(191, 'Andrew', 'Maldonado', 'andrew.maldonado175@hotmail.com', '+82-778-9331-4112', 'M10000175', 2002-05-17, 'South Korea', NULL, 2025-08-28 14:52:03),
(192, 'Joanna', 'Davidson', 'joanna.davidson176@yahoo.com', '+82-371-6321-3547', 'M10000176', 1974-10-07, 'South Korea', NULL, 2025-08-28 14:52:03),
(193, 'Kimberly', 'Harrell', 'kimberly.harrell177@gmail.com', '+81-510-2007-8636', 'TZ10000177', 1956-09-24, 'Japan', NULL, 2025-08-28 14:52:03),
(194, 'Matthew', 'Moody', 'matthew.moody178@yahoo.com', '+1-946-1718-6466', 'US10000178', 1992-10-23, 'USA', NULL, 2025-08-28 14:52:03),
(195, 'Nathan', 'Carter', 'nathan.carter179@naver.com', '+86-624-8658-5706', 'G10000179', 1973-11-02, 'China', NULL, 2025-08-28 14:52:03),
(196, 'Chad', 'Jackson', 'chad.jackson180@yahoo.com', '+81-412-1996-1519', 'TZ10000180', 1990-01-04, 'Japan', NULL, 2025-08-28 14:52:03),
(197, 'Samantha', 'Ramirez', 'samantha.ramirez181@hotmail.com', '+1-368-3924-8344', 'US10000181', 1999-01-27, 'USA', NULL, 2025-08-28 14:52:03),
(198, 'Mckenzie', 'Edwards', 'mckenzie.edwards182@yahoo.com', '+1-923-6016-9970', 'US10000182', 1994-08-17, 'USA', NULL, 2025-08-28 14:52:03),
(199, 'Kathleen', 'Hall', 'kathleen.hall183@naver.com', '+86-855-6436-8707', 'G10000183', 1998-04-16, 'China', NULL, 2025-08-28 14:52:03),
(200, 'Kayla', 'Mcintyre', 'kayla.mcintyre184@gmail.com', '+86-885-8757-3634', 'G10000184', 2004-12-15, 'China', NULL, 2025-08-28 14:52:03),
(201, 'Shawn', 'Acevedo', 'shawn.acevedo185@gmail.com', '+82-936-4685-7423', 'M10000185', 1986-06-25, 'South Korea', NULL, 2025-08-28 14:52:03),
(202, 'Jason', 'Long', 'jason.long186@gmail.com', '+82-545-3827-5188', 'M10000186', 1991-04-11, 'South Korea', NULL, 2025-08-28 14:52:03),
(203, 'Sarah', 'Webster', 'sarah.webster187@hotmail.com', '+82-714-9539-5381', 'M10000187', 1991-05-23, 'South Korea', NULL, 2025-08-28 14:52:03),
(204, 'David', 'Davis', 'david.davis188@gmail.com', '+81-296-5449-6504', 'TZ10000188', 1998-12-13, 'Japan', NULL, 2025-08-28 14:52:03),
(205, 'Eric', 'Arnold', 'eric.arnold189@yahoo.com', '+49-530-4479-5549', 'C10000189', 1994-07-28, 'Germany', NULL, 2025-08-28 14:52:03),
(206, 'Samantha', 'Jones', 'samantha.jones190@gmail.com', '+1-812-2656-5133', 'US10000190', 1988-11-04, 'USA', NULL, 2025-08-28 14:52:03),
(207, 'Linda', 'Riley', 'linda.riley191@yahoo.com', '+1-853-2083-1914', 'US10000191', 1968-01-23, 'USA', NULL, 2025-08-28 14:52:03),
(208, 'Jason', 'Graves', 'jason.graves192@yahoo.com', '+81-208-7724-8609', 'TZ10000192', 2000-08-15, 'Japan', NULL, 2025-08-28 14:52:03),
(209, 'Natalie', 'Parrish', 'natalie.parrish193@hotmail.com', '+1-929-6836-8005', 'US10000193', 1994-08-11, 'USA', NULL, 2025-08-28 14:52:03),
(210, 'Daniel', 'Harvey', 'daniel.harvey194@gmail.com', '+33-100-3420-8863', 'FR10000194', 1968-03-28, 'France', NULL, 2025-08-28 14:52:03),
(211, 'Joshua', 'Ritter', 'joshua.ritter195@yahoo.com', '+82-195-3332-8356', 'M10000195', 1997-12-17, 'South Korea', NULL, 2025-08-28 14:52:03),
(212, 'Blake', 'Johnson', 'blake.johnson196@gmail.com', '+82-122-1896-5911', 'M10000196', 1992-06-05, 'South Korea', NULL, 2025-08-28 14:52:03),
(213, 'Heidi', 'Kennedy', 'heidi.kennedy197@gmail.com', '+1-225-4594-1455', 'US10000197', 2000-05-11, 'USA', NULL, 2025-08-28 14:52:03),
(214, 'Micheal', 'Allen', 'micheal.allen198@naver.com', '+86-154-8622-3906', 'G10000198', 1972-11-16, 'China', NULL, 2025-08-28 14:52:03),
(215, 'Frank', 'Smith', 'frank.smith199@yahoo.com', '+82-589-9830-5372', 'M10000199', 1990-08-13, 'South Korea', NULL, 2025-08-28 14:52:03),
(216, 'Melissa', 'Mendoza', 'melissa.mendoza200@yahoo.com', '+82-938-1722-1645', 'M10000200', 1997-08-19, 'South Korea', NULL, 2025-08-28 14:52:03),
(217, 'Tina', 'Hunt', 'tina.hunt201@gmail.com', '+61-464-9197-4567', 'PA10000201', 1994-11-28, 'Australia', NULL, 2025-08-28 14:52:03),
(218, 'Sarah', 'Gould', 'sarah.gould202@gmail.com', '+81-662-8599-2609', 'TZ10000202', 1991-10-16, 'Japan', NULL, 2025-08-28 14:52:03),
(219, 'Jesus', 'Campbell', 'jesus.campbell203@naver.com', '+82-762-7130-5508', 'M10000203', 2002-02-17, 'South Korea', NULL, 2025-08-28 14:52:03),
(220, 'Jason', 'Thomas', 'jason.thomas204@naver.com', '+81-403-4022-9465', 'TZ10000204', 1990-11-05, 'Japan', NULL, 2025-08-28 14:52:03),
(221, 'Timothy', 'Jones', 'timothy.jones205@gmail.com', '+86-950-5125-8689', 'G10000205', 1994-07-02, 'China', NULL, 2025-08-28 14:52:03),
(222, 'Mary', 'Moreno', 'mary.moreno206@naver.com', '+82-340-8440-7111', 'M10000206', 1988-04-07, 'South Korea', NULL, 2025-08-28 14:52:03),
(223, 'Sarah', 'Yang', 'sarah.yang207@gmail.com', '+1-676-9698-9115', 'CA10000207', 1980-06-03, 'Canada', NULL, 2025-08-28 14:52:03),
(224, 'Brandon', 'Mayer', 'brandon.mayer208@gmail.com', '+82-699-9172-5506', 'M10000208', 1997-02-28, 'South Korea', NULL, 2025-08-28 14:52:03),
(225, 'Stanley', 'Smith', 'stanley.smith209@naver.com', '+44-301-2912-6635', 'UK10000209', 1994-02-11, 'UK', NULL, 2025-08-28 14:52:03),
(226, 'Jeffrey', 'Jackson', 'jeffrey.jackson210@naver.com', '+33-833-8447-8081', 'FR10000210', 1984-09-05, 'France', NULL, 2025-08-28 14:52:03),
(227, 'Seth', 'Sandoval', 'seth.sandoval211@gmail.com', '+81-202-9618-5809', 'TZ10000211', 1954-03-26, 'Japan', NULL, 2025-08-28 14:52:03),
(228, 'Melissa', 'Pittman', 'melissa.pittman212@yahoo.com', '+86-742-8088-1104', 'G10000212', 1984-03-11, 'China', NULL, 2025-08-28 14:52:03),
(229, 'Deanna', 'Garrett', 'deanna.garrett213@hotmail.com', '+82-223-3420-7649', 'M10000213', 1956-05-02, 'South Korea', NULL, 2025-08-28 14:52:03),
(230, 'Justin', 'Potts', 'justin.potts214@gmail.com', '+82-659-2454-4669', 'M10000214', 1992-11-09, 'South Korea', NULL, 2025-08-28 14:52:03),
(231, 'Hannah', 'Perez', 'hannah.perez215@hotmail.com', '+81-947-1525-8525', 'TZ10000215', 1994-01-12, 'Japan', NULL, 2025-08-28 14:52:03),
(232, 'Erik', 'Mcclain', 'erik.mcclain216@gmail.com', '+86-656-5495-1837', 'G10000216', 2004-12-28, 'China', NULL, 2025-08-28 14:52:03),
(233, 'Steven', 'Murphy', 'steven.murphy217@naver.com', '+1-861-4865-4509', 'US10000217', 1976-01-18, 'USA', NULL, 2025-08-28 14:52:03),
(234, 'Jeremy', 'Johnson', 'jeremy.johnson218@gmail.com', '+82-247-5275-3885', 'M10000218', 1983-10-20, 'South Korea', NULL, 2025-08-28 14:52:03),
(235, 'Kevin', 'Sweeney', 'kevin.sweeney219@gmail.com', '+81-478-2299-9719', 'TZ10000219', 1985-01-16, 'Japan', NULL, 2025-08-28 14:52:03),
(236, 'Richard', 'Mccarthy', 'richard.mccarthy220@hotmail.com', '+86-543-2440-4526', 'G10000220', 1992-12-22, 'China', NULL, 2025-08-28 14:52:03),
(237, 'Melissa', 'Chan', 'melissa.chan221@yahoo.com', '+1-637-2081-6664', 'US10000221', 1963-10-12, 'USA', NULL, 2025-08-28 14:52:03),
(238, 'Deborah', 'Clark', 'deborah.clark222@yahoo.com', '+86-341-2055-9954', 'G10000222', 1973-08-14, 'China', NULL, 2025-08-28 14:52:03),
(239, 'Frederick', 'Middleton', 'frederick.middleton223@gmail.com', '+81-538-9859-3761', 'TZ10000223', 2002-09-25, 'Japan', NULL, 2025-08-28 14:52:03),
(240, 'Carlos', 'Munoz', 'carlos.munoz224@naver.com', '+81-263-3858-3606', 'TZ10000224', 2003-12-07, 'Japan', NULL, 2025-08-28 14:52:03),
(241, 'Heather', 'Phelps', 'heather.phelps225@hotmail.com', '+81-539-4089-1658', 'TZ10000225', 1979-09-22, 'Japan', NULL, 2025-08-28 14:52:03),
(242, 'Gary', 'Keller', 'gary.keller226@yahoo.com', '+1-829-7623-8164', 'US10000226', 1974-12-01, 'USA', NULL, 2025-08-28 14:52:03),
(243, 'Maria', 'Weeks', 'maria.weeks227@yahoo.com', '+82-165-4487-1513', 'M10000227', 1990-11-26, 'South Korea', NULL, 2025-08-28 14:52:03),
(244, 'Tracey', 'Johnson', 'tracey.johnson228@hotmail.com', '+82-904-9873-8412', 'M10000228', 1983-02-19, 'South Korea', NULL, 2025-08-28 14:52:03),
(245, 'Cheryl', 'Macias', 'cheryl.macias229@naver.com', '+82-652-1425-3296', 'M10000229', 1993-10-02, 'South Korea', NULL, 2025-08-28 14:52:03),
(246, 'Christopher', 'Green', 'christopher.green230@gmail.com', '+1-650-4762-3713', 'US10000230', 1964-05-03, 'USA', NULL, 2025-08-28 14:52:03),
(247, 'Ashley', 'Duran', 'ashley.duran231@yahoo.com', '+33-378-4515-7155', 'FR10000231', 1966-04-02, 'France', NULL, 2025-08-28 14:52:03),
(248, 'Tina', 'Smith', 'tina.smith232@gmail.com', '+1-692-6363-1764', 'US10000232', 1971-01-05, 'USA', NULL, 2025-08-28 14:52:03),
(249, 'Cheryl', 'Hayes', 'cheryl.hayes233@naver.com', '+49-825-3736-4463', 'C10000233', 1997-10-12, 'Germany', NULL, 2025-08-28 14:52:03),
(250, 'Todd', 'Chandler', 'todd.chandler234@yahoo.com', '+82-589-6140-1812', 'M10000234', 1988-05-01, 'South Korea', NULL, 2025-08-28 14:52:03),
(251, 'Ryan', 'May', 'ryan.may235@hotmail.com', '+86-263-1202-9833', 'G10000235', 1987-02-15, 'China', NULL, 2025-08-28 14:52:03),
(252, 'Steve', 'Friedman', 'steve.friedman236@gmail.com', '+82-492-3543-9563', 'M10000236', 1973-07-05, 'South Korea', NULL, 2025-08-28 14:52:03),
(253, 'John', 'Gill', 'john.gill237@hotmail.com', '+86-300-2492-2827', 'G10000237', 1994-04-24, 'China', NULL, 2025-08-28 14:52:03),
(254, 'Erin', 'Browning', 'erin.browning238@naver.com', '+1-799-4605-5401', 'CA10000238', 1975-06-05, 'Canada', NULL, 2025-08-28 14:52:03),
(255, 'Jason', 'Wilson', 'jason.wilson239@yahoo.com', '+86-822-2642-3897', 'G10000239', 1981-03-01, 'China', NULL, 2025-08-28 14:52:03),
(256, 'Michele', 'Jackson', 'michele.jackson240@naver.com', '+1-572-3079-1421', 'US10000240', 1975-05-02, 'USA', NULL, 2025-08-28 14:52:03),
(257, 'Jamie', 'Pena', 'jamie.pena241@naver.com', '+81-782-8931-5893', 'TZ10000241', 1995-06-14, 'Japan', NULL, 2025-08-28 14:52:03),
(258, 'Michelle', 'Sharp', 'michelle.sharp242@naver.com', '+81-331-4292-1649', 'TZ10000242', 1999-06-07, 'Japan', NULL, 2025-08-28 14:52:03),
(259, 'Megan', 'Fox', 'megan.fox243@yahoo.com', '+44-399-9351-7698', 'UK10000243', 1990-04-05, 'UK', NULL, 2025-08-28 14:52:03),
(260, 'Kyle', 'Chavez', 'kyle.chavez244@hotmail.com', '+82-725-1309-4792', 'M10000244', 1987-07-14, 'South Korea', NULL, 2025-08-28 14:52:03),
(261, 'George', 'Fletcher', 'george.fletcher245@naver.com', '+1-594-7057-9340', 'US10000245', 1986-02-11, 'USA', NULL, 2025-08-28 14:52:03),
(262, 'Denise', 'Ashley', 'denise.ashley246@naver.com', '+1-446-6831-2539', 'US10000246', 1980-10-27, 'USA', NULL, 2025-08-28 14:52:03),
(263, 'Jessica', 'Vasquez', 'jessica.vasquez247@hotmail.com', '+1-483-8245-1685', 'US10000247', 1995-01-25, 'USA', NULL, 2025-08-28 14:52:03),
(264, 'James', 'Jones', 'james.jones248@gmail.com', '+82-800-3919-3103', 'M10000248', 1993-11-19, 'South Korea', NULL, 2025-08-28 14:52:03),
(265, 'Loretta', 'Coleman', 'loretta.coleman249@hotmail.com', '+82-651-3974-4777', 'M10000249', 1982-08-25, 'South Korea', NULL, 2025-08-28 14:52:03),
(266, 'Anthony', 'Snyder', 'anthony.snyder250@yahoo.com', '+86-121-9574-1732', 'G10000250', 1974-07-07, 'China', NULL, 2025-08-28 14:52:03),
(267, 'Caitlyn', 'Parker', 'caitlyn.parker251@gmail.com', '+81-322-7409-2264', 'TZ10000251', 1983-09-18, 'Japan', NULL, 2025-08-28 14:52:03),
(268, 'Shelby', 'Shaw', 'shelby.shaw252@gmail.com', '+49-322-2506-5607', 'C10000252', 1991-06-16, 'Germany', NULL, 2025-08-28 14:52:03),
(269, 'Anna', 'King', 'anna.king253@gmail.com', '+81-587-2543-6466', 'TZ10000253', 1986-11-25, 'Japan', NULL, 2025-08-28 14:52:03),
(270, 'Jodi', 'Gregory', 'jodi.gregory254@naver.com', '+81-940-4749-8551', 'TZ10000254', 1994-12-01, 'Japan', NULL, 2025-08-28 14:52:03),
(271, 'David', 'Foster', 'david.foster255@naver.com', '+82-565-7748-1065', 'M10000255', 2002-11-28, 'South Korea', NULL, 2025-08-28 14:52:03),
(272, 'Brittany', 'Edwards', 'brittany.edwards256@yahoo.com', '+1-244-4449-7754', 'US10000256', 2003-04-20, 'USA', NULL, 2025-08-28 14:52:03),
(273, 'Derek', 'Powell', 'derek.powell257@naver.com', '+81-528-8447-3350', 'TZ10000257', 1977-12-15, 'Japan', NULL, 2025-08-28 14:52:03),
(274, 'Laura', 'Buckley', 'laura.buckley258@hotmail.com', '+1-820-7981-1983', 'US10000258', 1974-05-12, 'USA', NULL, 2025-08-28 14:52:03),
(275, 'Steve', 'Lewis', 'steve.lewis259@naver.com', '+82-364-6052-5905', 'M10000259', 1997-06-22, 'South Korea', NULL, 2025-08-28 14:52:03),
(276, 'Rebecca', 'Cook', 'rebecca.cook260@yahoo.com', '+82-516-7297-4667', 'M10000260', 1990-05-17, 'South Korea', NULL, 2025-08-28 14:52:03),
(277, 'Nicholas', 'Booth', 'nicholas.booth261@hotmail.com', '+44-326-9065-4967', 'UK10000261', 1998-12-02, 'UK', NULL, 2025-08-28 14:52:03),
(278, 'Gabrielle', 'Wilson', 'gabrielle.wilson262@yahoo.com', '+82-306-5211-1427', 'M10000262', 2001-03-20, 'South Korea', NULL, 2025-08-28 14:52:03),
(279, 'Theresa', 'Martinez', 'theresa.martinez263@gmail.com', '+82-857-4101-2557', 'M10000263', 2000-10-09, 'South Korea', NULL, 2025-08-28 14:52:03),
(280, 'Dale', 'Lewis', 'dale.lewis264@naver.com', '+81-238-3347-3936', 'TZ10000264', 1986-10-22, 'Japan', NULL, 2025-08-28 14:52:03),
(281, 'Pamela', 'Poole', 'pamela.poole265@hotmail.com', '+81-866-7509-6109', 'TZ10000265', 1968-11-22, 'Japan', NULL, 2025-08-28 14:52:03),
(282, 'Tyler', 'Miller', 'tyler.miller266@hotmail.com', '+82-154-8827-1851', 'M10000266', 1967-08-21, 'South Korea', NULL, 2025-08-28 14:52:03),
(283, 'Jennifer', 'Ward', 'jennifer.ward267@yahoo.com', '+82-752-9177-2169', 'M10000267', 1993-09-25, 'South Korea', NULL, 2025-08-28 14:52:03),
(284, 'Diane', 'Herrera', 'diane.herrera268@naver.com', '+1-300-8059-2739', 'US10000268', 1983-03-05, 'USA', NULL, 2025-08-28 14:52:03),
(285, 'Roy', 'Maldonado', 'roy.maldonado269@naver.com', '+1-397-4074-7064', 'US10000269', 2004-07-26, 'USA', NULL, 2025-08-28 14:52:03),
(286, 'Michelle', 'Allen', 'michelle.allen270@naver.com', '+82-509-2555-7145', 'M10000270', 1996-01-21, 'South Korea', NULL, 2025-08-28 14:52:03),
(287, 'Kristi', 'Morrison', 'kristi.morrison271@yahoo.com', '+82-488-5902-6259', 'M10000271', 1990-01-02, 'South Korea', NULL, 2025-08-28 14:52:03),
(288, 'Colin', 'Alvarado', 'colin.alvarado272@naver.com', '+82-347-9508-2277', 'M10000272', 1976-04-09, 'South Korea', NULL, 2025-08-28 14:52:03),
(289, 'Susan', 'Morrison', 'susan.morrison273@hotmail.com', '+82-539-2493-3925', 'M10000273', 1994-12-27, 'South Korea', NULL, 2025-08-28 14:52:03),
(290, 'Rebecca', 'Williams', 'rebecca.williams274@naver.com', '+1-615-7339-3471', 'US10000274', 1995-04-22, 'USA', NULL, 2025-08-28 14:52:03),
(291, 'Rebecca', 'Wolf', 'rebecca.wolf275@naver.com', '+1-364-9659-6090', 'US10000275', 2001-04-08, 'USA', NULL, 2025-08-28 14:52:03),
(292, 'Brett', 'Stanley', 'brett.stanley276@gmail.com', '+1-733-7740-4697', 'CA10000276', 1968-08-04, 'Canada', NULL, 2025-08-28 14:52:03),
(293, 'Philip', 'Douglas', 'philip.douglas277@yahoo.com', '+81-338-6050-9299', 'TZ10000277', 1992-09-21, 'Japan', NULL, 2025-08-28 14:52:03),
(294, 'Shawn', 'Barnes', 'shawn.barnes278@hotmail.com', '+49-141-9658-3564', 'C10000278', 2003-12-21, 'Germany', NULL, 2025-08-28 14:52:03),
(295, 'Jennifer', 'Taylor', 'jennifer.taylor279@naver.com', '+1-581-3818-5613', 'US10000279', 2000-07-22, 'USA', NULL, 2025-08-28 14:52:03),
(296, 'Victoria', 'Walker', 'victoria.walker280@hotmail.com', '+82-953-8360-9299', 'M10000280', 1986-12-21, 'South Korea', NULL, 2025-08-28 14:52:03),
(297, 'Donna', 'Morales', 'donna.morales281@hotmail.com', '+82-880-1410-5673', 'M10000281', 1989-02-23, 'South Korea', NULL, 2025-08-28 14:52:03),
(298, 'Joshua', 'Evans', 'joshua.evans282@hotmail.com', '+33-199-1784-3151', 'FR10000282', 1994-03-18, 'France', NULL, 2025-08-28 14:52:03),
(299, 'Annette', 'Lawrence', 'annette.lawrence283@gmail.com', '+44-972-3472-3645', 'UK10000283', 1987-12-23, 'UK', NULL, 2025-08-28 14:52:03),
(300, 'Gregory', 'Ward', 'gregory.ward284@yahoo.com', '+82-783-1761-6183', 'M10000284', 1984-06-24, 'South Korea', NULL, 2025-08-28 14:52:03),
(301, 'Andrea', 'Liu', 'andrea.liu285@naver.com', '+82-354-4240-7179', 'M10000285', 2003-01-06, 'South Korea', NULL, 2025-08-28 14:52:03),
(302, 'David', 'Franco', 'david.franco286@naver.com', '+81-333-5394-6594', 'TZ10000286', 1991-01-04, 'Japan', NULL, 2025-08-28 14:52:03),
(303, 'Michael', 'Blankenship', 'michael.blankenship287@hotmail.com', '+82-874-9831-4744', 'M10000287', 1996-01-24, 'South Korea', NULL, 2025-08-28 14:52:03),
(304, 'Victor', 'Hamilton', 'victor.hamilton288@hotmail.com', '+1-293-6560-1552', 'CA10000288', 1996-09-17, 'Canada', NULL, 2025-08-28 14:52:03),
(305, 'David', 'Ryan', 'david.ryan289@yahoo.com', '+1-290-4611-3908', 'CA10000289', 1999-11-10, 'Canada', NULL, 2025-08-28 14:52:03),
(306, 'Brandon', 'Esparza', 'brandon.esparza290@naver.com', '+81-132-8159-2782', 'TZ10000290', 1989-02-23, 'Japan', NULL, 2025-08-28 14:52:03),
(307, 'Alicia', 'Lee', 'alicia.lee291@hotmail.com', '+82-850-8824-9322', 'M10000291', 1955-01-18, 'South Korea', NULL, 2025-08-28 14:52:03),
(308, 'Michael', 'Harris', 'michael.harris292@yahoo.com', '+1-113-5590-5033', 'US10000292', 1984-11-12, 'USA', NULL, 2025-08-28 14:52:03),
(309, 'David', 'Underwood', 'david.underwood293@yahoo.com', '+1-194-1727-9961', 'US10000293', 1997-02-02, 'USA', NULL, 2025-08-28 14:52:03),
(310, 'Brianna', 'Gallegos', 'brianna.gallegos294@gmail.com', '+49-905-3759-4340', 'C10000294', 1984-11-07, 'Germany', NULL, 2025-08-28 14:52:03),
(311, 'James', 'Jacobson', 'james.jacobson295@naver.com', '+81-436-6628-7987', 'TZ10000295', 2000-01-13, 'Japan', NULL, 2025-08-28 14:52:03),
(312, 'Yvonne', 'Vega', 'yvonne.vega296@hotmail.com', '+81-144-3730-1455', 'TZ10000296', 2001-02-21, 'Japan', NULL, 2025-08-28 14:52:03),
(313, 'Lauren', 'Ford', 'lauren.ford297@hotmail.com', '+1-117-2560-8136', 'US10000297', 1984-04-22, 'USA', NULL, 2025-08-28 14:52:03),
(314, 'Daniel', 'Tucker', 'daniel.tucker298@naver.com', '+81-160-1004-2473', 'TZ10000298', 2001-02-03, 'Japan', NULL, 2025-08-28 14:52:03),
(315, 'Carlos', 'Snow', 'carlos.snow299@hotmail.com', '+82-814-2922-7394', 'M10000299', 2004-08-02, 'South Korea', NULL, 2025-08-28 14:52:03),
(316, 'Alec', 'Malone', 'alec.malone300@naver.com', '+86-137-5639-5331', 'G10000300', 1974-04-26, 'China', NULL, 2025-08-28 14:52:03),
(317, 'Heather', 'Long', 'heather.long301@gmail.com', '+82-340-5595-5495', 'M10000301', 1970-02-25, 'South Korea', NULL, 2025-08-28 14:52:03),
(318, 'Richard', 'Harmon', 'richard.harmon302@hotmail.com', '+81-891-9898-4635', 'TZ10000302', 2001-02-11, 'Japan', NULL, 2025-08-28 14:52:03),
(319, 'Alexandra', 'Ramirez', 'alexandra.ramirez303@yahoo.com', '+86-920-4457-7085', 'G10000303', 1998-09-09, 'China', NULL, 2025-08-28 14:52:03),
(320, 'Benjamin', 'Sandoval', 'benjamin.sandoval304@naver.com', '+86-233-3681-2668', 'G10000304', 1982-07-21, 'China', NULL, 2025-08-28 14:52:03),
(321, 'Brenda', 'Morse', 'brenda.morse305@yahoo.com', '+82-723-7934-1977', 'M10000305', 1995-08-05, 'South Korea', NULL, 2025-08-28 14:52:03),
(322, 'Johnny', 'Le', 'johnny.le306@gmail.com', '+1-261-3557-9770', 'US10000306', 1968-11-04, 'USA', NULL, 2025-08-28 14:52:03),
(323, 'Eddie', 'Rush', 'eddie.rush307@naver.com', '+1-128-2749-5279', 'US10000307', 1978-01-13, 'USA', NULL, 2025-08-28 14:52:03),
(324, 'Matthew', 'West', 'matthew.west308@hotmail.com', '+81-551-7647-4779', 'TZ10000308', 1995-09-22, 'Japan', NULL, 2025-08-28 14:52:03),
(325, 'Michael', 'Oconnell', 'michael.oconnell309@yahoo.com', '+81-916-3812-3857', 'TZ10000309', 2002-12-27, 'Japan', NULL, 2025-08-28 14:52:03),
(326, 'Michael', 'Strickland', 'michael.strickland310@naver.com', '+1-251-7988-1124', 'US10000310', 1978-07-20, 'USA', NULL, 2025-08-28 14:52:03),
(327, 'David', 'Davis', 'david.davis311@naver.com', '+49-526-7693-6055', 'C10000311', 1998-01-08, 'Germany', NULL, 2025-08-28 14:52:03),
(328, 'Carol', 'Terry', 'carol.terry312@yahoo.com', '+1-417-2032-3903', 'US10000312', 1990-11-15, 'USA', NULL, 2025-08-28 14:52:03),
(329, 'Julia', 'Molina', 'julia.molina313@gmail.com', '+1-533-1760-8678', 'US10000313', 1993-05-13, 'USA', NULL, 2025-08-28 14:52:03),
(330, 'Brittany', 'Martin', 'brittany.martin314@hotmail.com', '+33-880-5827-5058', 'FR10000314', 1976-03-15, 'France', NULL, 2025-08-28 14:52:03),
(331, 'Mark', 'Rodriguez', 'mark.rodriguez315@yahoo.com', '+82-817-9407-7001', 'M10000315', 1964-05-22, 'South Korea', NULL, 2025-08-28 14:52:03),
(332, 'Robert', 'Pugh', 'robert.pugh316@gmail.com', '+81-453-8396-1396', 'TZ10000316', 1986-03-24, 'Japan', NULL, 2025-08-28 14:52:03),
(333, 'Victoria', 'Cook', 'victoria.cook317@gmail.com', '+82-832-2217-8751', 'M10000317', 1988-02-03, 'South Korea', NULL, 2025-08-28 14:52:03),
(334, 'Melvin', 'Johnson', 'melvin.johnson318@yahoo.com', '+1-780-3319-2235', 'US10000318', 1967-10-14, 'USA', NULL, 2025-08-28 14:52:03),
(335, 'Joshua', 'Parker', 'joshua.parker319@hotmail.com', '+33-231-8857-6806', 'FR10000319', 2001-08-14, 'France', NULL, 2025-08-28 14:52:03),
(336, 'Heather', 'Smith', 'heather.smith320@hotmail.com', '+82-962-4169-5325', 'M10000320', 2002-04-27, 'South Korea', NULL, 2025-08-28 14:52:03),
(337, 'Kendra', 'Wilson', 'kendra.wilson321@yahoo.com', '+82-893-4520-8319', 'M10000321', 1980-05-15, 'South Korea', NULL, 2025-08-28 14:52:03),
(338, 'Betty', 'Price', 'betty.price322@naver.com', '+86-440-5853-7759', 'G10000322', 1984-01-14, 'China', NULL, 2025-08-28 14:52:03),
(339, 'Jacob', 'Perez', 'jacob.perez323@yahoo.com', '+82-205-7521-7753', 'M10000323', 1999-02-19, 'South Korea', NULL, 2025-08-28 14:52:03),
(340, 'Frank', 'Miller', 'frank.miller324@yahoo.com', '+1-443-7166-3980', 'CA10000324', 1982-05-03, 'Canada', NULL, 2025-08-28 14:52:03),
(341, 'Jonathan', 'Doyle', 'jonathan.doyle325@yahoo.com', '+81-715-8315-4529', 'TZ10000325', 2000-03-14, 'Japan', NULL, 2025-08-28 14:52:03),
(342, 'Dawn', 'Yu', 'dawn.yu326@naver.com', '+1-891-3643-5224', 'US10000326', 1997-08-14, 'USA', NULL, 2025-08-28 14:52:03),
(343, 'Patrick', 'Smith', 'patrick.smith327@gmail.com', '+1-825-4390-2020', 'US10000327', 2004-05-06, 'USA', NULL, 2025-08-28 14:52:03),
(344, 'Ellen', 'Adams', 'ellen.adams328@yahoo.com', '+33-450-8848-6389', 'FR10000328', 1985-12-15, 'France', NULL, 2025-08-28 14:52:03),
(345, 'David', 'Shaw', 'david.shaw329@yahoo.com', '+49-337-8218-5499', 'C10000329', 2004-06-19, 'Germany', NULL, 2025-08-28 14:52:03),
(346, 'Nicole', 'Mccarty', 'nicole.mccarty330@yahoo.com', '+82-209-2179-4521', 'M10000330', 1981-01-04, 'South Korea', NULL, 2025-08-28 14:52:03),
(347, 'Vincent', 'Gill', 'vincent.gill331@yahoo.com', '+81-820-4016-7318', 'TZ10000331', 1983-09-21, 'Japan', NULL, 2025-08-28 14:52:03),
(348, 'Crystal', 'Burke', 'crystal.burke332@naver.com', '+1-842-5147-9669', 'US10000332', 1979-10-23, 'USA', NULL, 2025-08-28 14:52:03),
(349, 'Bobby', 'Stout', 'bobby.stout333@naver.com', '+1-941-4866-4075', 'US10000333', 1987-10-04, 'USA', NULL, 2025-08-28 14:52:03),
(350, 'Antonio', 'Walker', 'antonio.walker334@hotmail.com', '+81-337-1599-4313', 'TZ10000334', 1996-04-10, 'Japan', NULL, 2025-08-28 14:52:03),
(351, 'James', 'Beck', 'james.beck335@hotmail.com', '+86-489-3001-3641', 'G10000335', 1981-11-20, 'China', NULL, 2025-08-28 14:52:03),
(352, 'Chloe', 'Davies', 'chloe.davies336@yahoo.com', '+44-258-4811-7781', 'UK10000336', 1954-02-06, 'UK', NULL, 2025-08-28 14:52:03),
(353, 'Clare', 'Reed', 'clare.reed337@yahoo.com', '+44-607-7433-4513', 'UK10000337', 1996-02-05, 'UK', NULL, 2025-08-28 14:52:03),
(354, 'Denise', 'Thomas', 'denise.thomas338@hotmail.com', '+82-683-8580-5119', 'M10000338', 1958-08-26, 'South Korea', NULL, 2025-08-28 14:52:03),
(355, 'Joseph', 'Thompson', 'joseph.thompson339@yahoo.com', '+82-797-6766-6541', 'M10000339', 1995-08-20, 'South Korea', NULL, 2025-08-28 14:52:03),
(356, 'Daniel', 'Moore', 'daniel.moore340@naver.com', '+1-357-2485-1439', 'US10000340', 1954-01-26, 'USA', NULL, 2025-08-28 14:52:03),
(357, 'Lewis', 'Wright', 'lewis.wright341@naver.com', '+44-866-7594-2818', 'UK10000341', 1991-06-26, 'UK', NULL, 2025-08-28 14:52:03),
(358, 'Debbie', 'Taylor', 'debbie.taylor342@gmail.com', '+49-756-9095-2774', 'C10000342', 2001-03-13, 'Germany', NULL, 2025-08-28 14:52:03),
(359, 'Kayla', 'Stevenson', 'kayla.stevenson343@gmail.com', '+82-627-8202-6521', 'M10000343', 1977-12-26, 'South Korea', NULL, 2025-08-28 14:52:03),
(360, 'Kyle', 'Copeland', 'kyle.copeland344@naver.com', '+82-689-1955-7686', 'M10000344', 1997-09-07, 'South Korea', NULL, 2025-08-28 14:52:03),
(361, 'Shane', 'Anderson', 'shane.anderson345@yahoo.com', '+81-538-9314-7456', 'TZ10000345', 2000-02-25, 'Japan', NULL, 2025-08-28 14:52:03),
(362, 'Michael', 'Meyer', 'michael.meyer346@gmail.com', '+81-378-8416-2498', 'TZ10000346', 1994-01-06, 'Japan', NULL, 2025-08-28 14:52:03),
(363, 'Megan', 'Hicks', 'megan.hicks347@gmail.com', '+1-257-8642-2787', 'US10000347', 1993-09-23, 'USA', NULL, 2025-08-28 14:52:03),
(364, 'Victoria', 'Gray', 'victoria.gray348@naver.com', '+44-338-5369-4610', 'UK10000348', 1995-06-16, 'UK', NULL, 2025-08-28 14:52:03),
(365, 'Megan', 'Williams', 'megan.williams349@naver.com', '+81-524-3720-3882', 'TZ10000349', 1995-12-04, 'Japan', NULL, 2025-08-28 14:52:03),
(366, 'Amber', 'Hill', 'amber.hill350@hotmail.com', '+82-296-3577-8829', 'M10000350', 1997-04-02, 'South Korea', NULL, 2025-08-28 14:52:03),
(367, 'Timothy', 'Clark', 'timothy.clark351@naver.com', '+1-266-7572-3827', 'US10000351', 2000-07-16, 'USA', NULL, 2025-08-28 14:52:03),
(368, 'Melissa', 'Morrison', 'melissa.morrison352@hotmail.com', '+86-210-1716-3634', 'G10000352', 1994-03-22, 'China', NULL, 2025-08-28 14:52:03),
(369, 'Paul', 'Gibbs', 'paul.gibbs353@naver.com', '+82-296-3155-1285', 'M10000353', 1960-10-28, 'South Korea', NULL, 2025-08-28 14:52:03),
(370, 'Adam', 'Alexander', 'adam.alexander354@yahoo.com', '+61-906-5979-1335', 'PA10000354', 1981-04-03, 'Australia', NULL, 2025-08-28 14:52:03),
(371, 'Linda', 'Johnson', 'linda.johnson355@naver.com', '+1-145-5835-2470', 'CA10000355', 2003-07-02, 'Canada', NULL, 2025-08-28 14:52:03),
(372, 'Yvette', 'Ramirez', 'yvette.ramirez356@naver.com', '+33-547-7057-8249', 'FR10000356', 1964-12-28, 'France', NULL, 2025-08-28 14:52:03),
(373, 'Catherine', 'Chung', 'catherine.chung357@yahoo.com', '+86-923-5277-2334', 'G10000357', 1997-08-25, 'China', NULL, 2025-08-28 14:52:03),
(374, 'Crystal', 'Ortiz', 'crystal.ortiz358@hotmail.com', '+86-952-8024-9576', 'G10000358', 1989-08-07, 'China', NULL, 2025-08-28 14:52:03),
(375, 'Elizabeth', 'Herring', 'elizabeth.herring359@yahoo.com', '+82-159-4873-5217', 'M10000359', 1983-06-16, 'South Korea', NULL, 2025-08-28 14:52:03),
(376, 'Dalton', 'James', 'dalton.james360@gmail.com', '+33-168-7374-2010', 'FR10000360', 1996-12-07, 'France', NULL, 2025-08-28 14:52:03),
(377, 'Catherine', 'Bradley', 'catherine.bradley361@naver.com', '+82-582-2174-2694', 'M10000361', 1993-07-09, 'South Korea', NULL, 2025-08-28 14:52:03),
(378, 'Kathryn', 'Yang', 'kathryn.yang362@naver.com', '+82-123-5094-7616', 'M10000362', 1991-06-05, 'South Korea', NULL, 2025-08-28 14:52:03),
(379, 'Kimberly', 'Hines', 'kimberly.hines363@yahoo.com', '+1-870-5782-9631', 'US10000363', 1966-06-17, 'USA', NULL, 2025-08-28 14:52:03),
(380, 'Kevin', 'Jensen', 'kevin.jensen364@gmail.com', '+1-319-1969-9656', 'US10000364', 1983-04-01, 'USA', NULL, 2025-08-28 14:52:03),
(381, 'Megan', 'Miller', 'megan.miller365@hotmail.com', '+1-825-7344-6286', 'US10000365', 1978-01-24, 'USA', NULL, 2025-08-28 14:52:03),
(382, 'Jared', 'Henderson', 'jared.henderson366@naver.com', '+82-601-8308-3488', 'M10000366', 1987-05-08, 'South Korea', NULL, 2025-08-28 14:52:03),
(383, 'Suzanne', 'Russell', 'suzanne.russell367@gmail.com', '+1-551-5139-8180', 'US10000367', 1967-01-08, 'USA', NULL, 2025-08-28 14:52:03),
(384, 'Erika', 'Randolph', 'erika.randolph368@yahoo.com', '+81-600-4191-9041', 'TZ10000368', 1995-08-06, 'Japan', NULL, 2025-08-28 14:52:03),
(385, 'Michael', 'Lin', 'michael.lin369@gmail.com', '+86-725-1282-8456', 'G10000369', 1973-07-06, 'China', NULL, 2025-08-28 14:52:03),
(386, 'Michael', 'Mcmillan', 'michael.mcmillan370@gmail.com', '+81-634-7485-3034', 'TZ10000370', 1998-04-26, 'Japan', NULL, 2025-08-28 14:52:03),
(387, 'Michael', 'Davis', 'michael.davis371@yahoo.com', '+1-191-1671-9463', 'US10000371', 1983-04-21, 'USA', NULL, 2025-08-28 14:52:03),
(388, 'Kevin', 'Bruce', 'kevin.bruce372@yahoo.com', '+81-723-2259-3003', 'TZ10000372', 1997-09-17, 'Japan', NULL, 2025-08-28 14:52:03),
(389, 'Randy', 'Cherry', 'randy.cherry373@hotmail.com', '+33-564-8655-8765', 'FR10000373', 1972-06-02, 'France', NULL, 2025-08-28 14:52:03),
(390, 'Gabrielle', 'Castillo', 'gabrielle.castillo374@naver.com', '+81-349-1658-7146', 'TZ10000374', 1984-09-01, 'Japan', NULL, 2025-08-28 14:52:03),
(391, 'David', 'Mason', 'david.mason375@naver.com', '+86-830-5604-2924', 'G10000375', 1979-01-22, 'China', NULL, 2025-08-28 14:52:03),
(392, 'Jake', 'Allen', 'jake.allen376@gmail.com', '+82-684-9200-9487', 'M10000376', 1991-09-07, 'South Korea', NULL, 2025-08-28 14:52:03),
(393, 'Marc', 'Vazquez', 'marc.vazquez377@yahoo.com', '+81-984-9476-5062', 'TZ10000377', 1984-09-08, 'Japan', NULL, 2025-08-28 14:52:03),
(394, 'Valerie', 'Matthews', 'valerie.matthews378@gmail.com', '+86-214-8343-9158', 'G10000378', 1988-01-02, 'China', NULL, 2025-08-28 14:52:03),
(395, 'Matthew', 'Gillespie', 'matthew.gillespie379@yahoo.com', '+82-318-2937-7374', 'M10000379', 1994-06-01, 'South Korea', NULL, 2025-08-28 14:52:03),
(396, 'Chloe', 'Henderson', 'chloe.henderson380@yahoo.com', '+82-726-1164-1693', 'M10000380', 1997-04-03, 'South Korea', NULL, 2025-08-28 14:52:03),
(397, 'Richard', 'Moreno', 'richard.moreno381@gmail.com', '+1-165-6231-7161', 'US10000381', 2003-06-13, 'USA', NULL, 2025-08-28 14:52:03),
(398, 'Michael', 'Cisneros', 'michael.cisneros382@naver.com', '+49-965-7826-9651', 'C10000382', 1985-06-02, 'Germany', NULL, 2025-08-28 14:52:03),
(399, 'Robert', 'Washington', 'robert.washington383@hotmail.com', '+49-629-4910-8621', 'C10000383', 1981-08-17, 'Germany', NULL, 2025-08-28 14:52:03),
(400, 'Christopher', 'Baker', 'christopher.baker384@gmail.com', '+1-405-5391-5106', 'US10000384', 1977-02-28, 'USA', NULL, 2025-08-28 14:52:03),
(401, 'Russell', 'Smith', 'russell.smith385@hotmail.com', '+82-955-9449-3770', 'M10000385', 1995-03-11, 'South Korea', NULL, 2025-08-28 14:52:03),
(402, 'Jacob', 'Hernandez', 'jacob.hernandez386@yahoo.com', '+82-133-9623-9857', 'M10000386', 2003-06-05, 'South Korea', NULL, 2025-08-28 14:52:03),
(403, 'Sarah', 'Morales', 'sarah.morales387@hotmail.com', '+86-652-4094-8067', 'G10000387', 1992-07-18, 'China', NULL, 2025-08-28 14:52:03),
(404, 'Debbie', 'Adams', 'debbie.adams388@yahoo.com', '+82-670-5627-3677', 'M10000388', 1963-08-22, 'South Korea', NULL, 2025-08-28 14:52:03),
(405, 'Cynthia', 'Hoffman', 'cynthia.hoffman389@gmail.com', '+49-837-3244-3233', 'C10000389', 1974-03-06, 'Germany', NULL, 2025-08-28 14:52:03),
(406, 'Emily', 'Kidd', 'emily.kidd390@hotmail.com', '+82-929-6716-7039', 'M10000390', 1976-10-09, 'South Korea', NULL, 2025-08-28 14:52:03),
(407, 'Ashley', 'Silva', 'ashley.silva391@naver.com', '+33-978-2794-8769', 'FR10000391', 1968-12-03, 'France', NULL, 2025-08-28 14:52:03),
(408, 'Patrick', 'Espinoza', 'patrick.espinoza392@yahoo.com', '+82-500-5115-3998', 'M10000392', 1997-12-12, 'South Korea', NULL, 2025-08-28 14:52:03),
(409, 'Philip', 'Beard', 'philip.beard393@gmail.com', '+1-235-8200-7366', 'US10000393', 2002-03-22, 'USA', NULL, 2025-08-28 14:52:03),
(410, 'Dana', 'Chang', 'dana.chang394@naver.com', '+82-850-5448-2219', 'M10000394', 1994-06-02, 'South Korea', NULL, 2025-08-28 14:52:03),
(411, 'Taylor', 'Alvarez', 'taylor.alvarez395@naver.com', '+1-924-6942-2699', 'CA10000395', 1969-01-27, 'Canada', NULL, 2025-08-28 14:52:03),
(412, 'Katie', 'Bishop', 'katie.bishop396@yahoo.com', '+1-151-3394-3388', 'US10000396', 1990-02-14, 'USA', NULL, 2025-08-28 14:52:03),
(413, 'Marilyn', 'Moss', 'marilyn.moss397@yahoo.com', '+44-455-8156-3101', 'UK10000397', 1973-01-28, 'UK', NULL, 2025-08-28 14:52:03),
(414, 'Melanie', 'West', 'melanie.west398@naver.com', '+44-344-9144-2763', 'UK10000398', 1984-11-28, 'UK', NULL, 2025-08-28 14:52:03),
(415, 'Stephanie', 'Taylor', 'stephanie.taylor399@yahoo.com', '+86-412-8405-3789', 'G10000399', 1994-07-12, 'China', NULL, 2025-08-28 14:52:03),
(416, 'Cindy', 'Knox', 'cindy.knox400@yahoo.com', '+82-788-6684-4579', 'M10000400', 1990-12-07, 'South Korea', NULL, 2025-08-28 14:52:03),
(417, 'Jerry', 'Sparks', 'jerry.sparks401@gmail.com', '+81-614-4740-9175', 'TZ10000401', 1995-01-06, 'Japan', NULL, 2025-08-28 14:52:03),
(418, 'Phyllis', 'Henry', 'phyllis.henry402@gmail.com', '+82-709-9361-6669', 'M10000402', 1991-02-24, 'South Korea', NULL, 2025-08-28 14:52:03),
(419, 'Dylan', 'Lee', 'dylan.lee403@naver.com', '+82-924-4244-3142', 'M10000403', 1983-11-22, 'South Korea', NULL, 2025-08-28 14:52:03),
(420, 'Justin', 'Fitzgerald', 'justin.fitzgerald404@gmail.com', '+82-909-7811-1176', 'M10000404', 2000-09-18, 'South Korea', NULL, 2025-08-28 14:52:03),
(421, 'Sally', 'Smith', 'sally.smith405@naver.com', '+44-145-1038-8475', 'UK10000405', 1982-05-17, 'UK', NULL, 2025-08-28 14:52:03),
(422, 'William', 'Best', 'william.best406@yahoo.com', '+82-405-3768-3502', 'M10000406', 1994-04-10, 'South Korea', NULL, 2025-08-28 14:52:03),
(423, 'Adam', 'Johnson', 'adam.johnson407@naver.com', '+1-953-5909-6613', 'CA10000407', 2004-11-16, 'Canada', NULL, 2025-08-28 14:52:03),
(424, 'Frances', 'Thomas', 'frances.thomas408@hotmail.com', '+44-750-6218-7666', 'UK10000408', 2001-11-18, 'UK', NULL, 2025-08-28 14:52:03),
(425, 'Micheal', 'Walker', 'micheal.walker409@hotmail.com', '+82-349-1173-4162', 'M10000409', 1992-01-09, 'South Korea', NULL, 2025-08-28 14:52:03),
(426, 'Benjamin', 'Baker', 'benjamin.baker410@naver.com', '+82-700-9051-8419', 'M10000410', 1990-06-28, 'South Korea', NULL, 2025-08-28 14:52:03),
(427, 'David', 'Jimenez', 'david.jimenez411@gmail.com', '+61-993-5043-2002', 'PA10000411', 1971-10-25, 'Australia', NULL, 2025-08-28 14:52:03),
(428, 'Joseph', 'Charles', 'joseph.charles412@gmail.com', '+81-604-8628-2387', 'TZ10000412', 1974-06-01, 'Japan', NULL, 2025-08-28 14:52:03),
(429, 'Christopher', 'Anderson', 'christopher.anderson413@gmail.com', '+33-723-1334-8432', 'FR10000413', 2000-11-08, 'France', NULL, 2025-08-28 14:52:03),
(430, 'Cristina', 'Hoffman', 'cristina.hoffman414@naver.com', '+49-999-9847-6563', 'C10000414', 1984-06-14, 'Germany', NULL, 2025-08-28 14:52:03),
(431, 'Sharon', 'Lewis', 'sharon.lewis415@yahoo.com', '+1-260-3896-7846', 'CA10000415', 1981-01-12, 'Canada', NULL, 2025-08-28 14:52:03),
(432, 'Mark', 'Calhoun', 'mark.calhoun416@yahoo.com', '+1-820-7094-9958', 'US10000416', 1986-06-25, 'USA', NULL, 2025-08-28 14:52:03),
(433, 'Erin', 'Hicks', 'erin.hicks417@hotmail.com', '+1-986-4947-5783', 'US10000417', 1980-02-10, 'USA', NULL, 2025-08-28 14:52:03),
(434, 'Olivia', 'Mcintyre', 'olivia.mcintyre418@naver.com', '+81-851-7809-9245', 'TZ10000418', 2001-08-18, 'Japan', NULL, 2025-08-28 14:52:03),
(435, 'Alexis', 'Knight', 'alexis.knight419@yahoo.com', '+82-253-8848-9758', 'M10000419', 1989-01-24, 'South Korea', NULL, 2025-08-28 14:52:03),
(436, 'Zoe', 'Spencer', 'zoe.spencer420@naver.com', '+44-778-7986-3997', 'UK10000420', 1994-03-14, 'UK', NULL, 2025-08-28 14:52:03),
(437, 'Elizabeth', 'Dodson', 'elizabeth.dodson421@naver.com', '+82-104-4525-9684', 'M10000421', 1987-10-22, 'South Korea', NULL, 2025-08-28 14:52:03),
(438, 'Nicole', 'Landry', 'nicole.landry422@naver.com', '+49-373-6294-1394', 'C10000422', 1985-10-15, 'Germany', NULL, 2025-08-28 14:52:03),
(439, 'Anthony', 'Warner', 'anthony.warner423@yahoo.com', '+1-961-1243-1454', 'CA10000423', 1975-01-25, 'Canada', NULL, 2025-08-28 14:52:03),
(440, 'Paul', 'Ramos', 'paul.ramos424@hotmail.com', '+1-355-4303-1738', 'US10000424', 1987-02-17, 'USA', NULL, 2025-08-28 14:52:03),
(441, 'Erika', 'Knight', 'erika.knight425@naver.com', '+1-180-5552-7684', 'CA10000425', 1987-05-01, 'Canada', NULL, 2025-08-28 14:52:03),
(442, 'Jasmine', 'Herrera', 'jasmine.herrera426@yahoo.com', '+86-264-5471-3473', 'G10000426', 1972-03-24, 'China', NULL, 2025-08-28 14:52:03),
(443, 'Christine', 'Burns', 'christine.burns427@gmail.com', '+33-180-5580-8549', 'FR10000427', 1969-06-23, 'France', NULL, 2025-08-28 14:52:03),
(444, 'Christopher', 'Heath', 'christopher.heath428@hotmail.com', '+1-833-7190-9114', 'US10000428', 2001-07-08, 'USA', NULL, 2025-08-28 14:52:03),
(445, 'John', 'Barry', 'john.barry429@hotmail.com', '+1-290-2444-4851', 'US10000429', 1982-08-24, 'USA', NULL, 2025-08-28 14:52:03),
(446, 'Amanda', 'Middleton', 'amanda.middleton430@hotmail.com', '+49-299-8989-1481', 'C10000430', 1986-04-04, 'Germany', NULL, 2025-08-28 14:52:03),
(447, 'Melissa', 'Thomas', 'melissa.thomas431@gmail.com', '+1-227-1837-1388', 'CA10000431', 1994-03-18, 'Canada', NULL, 2025-08-28 14:52:03),
(448, 'Karen', 'Jones', 'karen.jones432@yahoo.com', '+61-897-1506-8400', 'PA10000432', 1967-04-09, 'Australia', NULL, 2025-08-28 14:52:03),
(449, 'Laura', 'Jenkins', 'laura.jenkins433@gmail.com', '+82-452-1902-3681', 'M10000433', 2003-03-14, 'South Korea', NULL, 2025-08-28 14:52:03),
(450, 'Cassandra', 'Wright', 'cassandra.wright434@yahoo.com', '+1-628-7879-6444', 'US10000434', 2003-08-08, 'USA', NULL, 2025-08-28 14:52:03),
(451, 'Steven', 'George', 'steven.george435@hotmail.com', '+82-802-2827-9254', 'M10000435', 1977-10-18, 'South Korea', NULL, 2025-08-28 14:52:03),
(452, 'Anthony', 'Burch', 'anthony.burch436@naver.com', '+82-493-1159-8763', 'M10000436', 1986-04-07, 'South Korea', NULL, 2025-08-28 14:52:03),
(453, 'Jeanette', 'Green', 'jeanette.green437@yahoo.com', '+1-862-5887-1643', 'US10000437', 1955-01-08, 'USA', NULL, 2025-08-28 14:52:03),
(454, 'Maurice', 'Shaffer', 'maurice.shaffer438@naver.com', '+86-634-1210-9561', 'G10000438', 1987-10-13, 'China', NULL, 2025-08-28 14:52:03),
(455, 'Denise', 'Shepherd', 'denise.shepherd439@hotmail.com', '+1-951-7471-7910', 'US10000439', 1996-02-03, 'USA', NULL, 2025-08-28 14:52:03),
(456, 'Maria', 'Morgan', 'maria.morgan440@hotmail.com', '+81-328-5326-9055', 'TZ10000440', 1997-03-09, 'Japan', NULL, 2025-08-28 14:52:03),
(457, 'Stephanie', 'Gomez', 'stephanie.gomez441@yahoo.com', '+81-338-1381-2236', 'TZ10000441', 1999-05-23, 'Japan', NULL, 2025-08-28 14:52:03),
(458, 'James', 'Price', 'james.price442@naver.com', '+82-981-5610-1566', 'M10000442', 1981-11-08, 'South Korea', NULL, 2025-08-28 14:52:03),
(459, 'Matthew', 'Gonzalez', 'matthew.gonzalez443@hotmail.com', '+1-134-4058-1056', 'CA10000443', 1971-08-18, 'Canada', NULL, 2025-08-28 14:52:03),
(460, 'Jonathan', 'Moody', 'jonathan.moody444@hotmail.com', '+86-517-3419-9067', 'G10000444', 2004-07-23, 'China', NULL, 2025-08-28 14:52:03),
(461, 'Shane', 'Smith', 'shane.smith445@gmail.com', '+82-127-2116-2966', 'M10000445', 1997-01-20, 'South Korea', NULL, 2025-08-28 14:52:03),
(462, 'Nicholas', 'Figueroa', 'nicholas.figueroa446@hotmail.com', '+82-496-1140-2859', 'M10000446', 1977-07-11, 'South Korea', NULL, 2025-08-28 14:52:03),
(463, 'Donald', 'Olson', 'donald.olson447@hotmail.com', '+82-598-6046-9005', 'M10000447', 1984-10-10, 'South Korea', NULL, 2025-08-28 14:52:03),
(464, 'Donna', 'Sanchez', 'donna.sanchez448@yahoo.com', '+33-238-6598-6282', 'FR10000448', 1995-02-14, 'France', NULL, 2025-08-28 14:52:03),
(465, 'Nicole', 'Bowman', 'nicole.bowman449@gmail.com', '+82-422-8345-5974', 'M10000449', 1982-11-20, 'South Korea', NULL, 2025-08-28 14:52:03),
(466, 'Sandra', 'Vargas', 'sandra.vargas450@yahoo.com', '+81-216-8101-9022', 'TZ10000450', 1982-02-14, 'Japan', NULL, 2025-08-28 14:52:03),
(467, 'Shannon', 'Potter', 'shannon.potter451@naver.com', '+82-229-8975-4458', 'M10000451', 1978-10-28, 'South Korea', NULL, 2025-08-28 14:52:03),
(468, 'Diane', 'Mcfarland', 'diane.mcfarland452@naver.com', '+82-945-1018-9957', 'M10000452', 1991-08-05, 'South Korea', NULL, 2025-08-28 14:52:03),
(469, 'Jorge', 'Cruz', 'jorge.cruz453@naver.com', '+82-784-3152-3386', 'M10000453', 1993-09-27, 'South Korea', NULL, 2025-08-28 14:52:03),
(470, 'Matthew', 'Perez', 'matthew.perez454@hotmail.com', '+82-120-7046-5190', 'M10000454', 1993-11-17, 'South Korea', NULL, 2025-08-28 14:52:03),
(471, 'Mario', 'Carroll', 'mario.carroll455@yahoo.com', '+86-304-8549-9911', 'G10000455', 2000-12-24, 'China', NULL, 2025-08-28 14:52:03),
(472, 'John', 'Peterson', 'john.peterson456@hotmail.com', '+81-350-9935-3303', 'TZ10000456', 1959-09-27, 'Japan', NULL, 2025-08-28 14:52:03),
(473, 'Andrea', 'Brown', 'andrea.brown457@hotmail.com', '+49-356-5939-8050', 'C10000457', 2000-07-03, 'Germany', NULL, 2025-08-28 14:52:03),
(474, 'Robin', 'Frederick', 'robin.frederick458@yahoo.com', '+81-996-9319-3139', 'TZ10000458', 1984-11-16, 'Japan', NULL, 2025-08-28 14:52:03),
(475, 'James', 'Bates', 'james.bates459@gmail.com', '+82-251-3928-4367', 'M10000459', 1990-12-24, 'South Korea', NULL, 2025-08-28 14:52:03),
(476, 'Deborah', 'Hernandez', 'deborah.hernandez460@gmail.com', '+82-162-5670-1964', 'M10000460', 1994-05-28, 'South Korea', NULL, 2025-08-28 14:52:03),
(477, 'Lee', 'Norton', 'lee.norton461@gmail.com', '+44-336-5871-2610', 'UK10000461', 1989-12-14, 'UK', NULL, 2025-08-28 14:52:03),
(478, 'Donna', 'Hobbs', 'donna.hobbs462@gmail.com', '+44-669-2968-8701', 'UK10000462', 1995-11-10, 'UK', NULL, 2025-08-28 14:52:03),
(479, 'Ashley', 'Day', 'ashley.day463@hotmail.com', '+1-203-2298-2042', 'US10000463', 2002-03-26, 'USA', NULL, 2025-08-28 14:52:03),
(480, 'Michael', 'Hernandez', 'michael.hernandez464@yahoo.com', '+1-897-2943-6193', 'US10000464', 1993-02-18, 'USA', NULL, 2025-08-28 14:52:03),
(481, 'Melissa', 'Harper', 'melissa.harper465@naver.com', '+1-118-5200-7131', 'US10000465', 1989-07-21, 'USA', NULL, 2025-08-28 14:52:03),
(482, 'Brenda', 'Lane', 'brenda.lane466@hotmail.com', '+33-692-7822-6234', 'FR10000466', 2001-08-19, 'France', NULL, 2025-08-28 14:52:03),
(483, 'Cathy', 'Sanders', 'cathy.sanders467@yahoo.com', '+81-479-8758-2760', 'TZ10000467', 1993-10-10, 'Japan', NULL, 2025-08-28 14:52:03),
(484, 'Kyle', 'Parker', 'kyle.parker468@hotmail.com', '+82-519-2625-4083', 'M10000468', 1974-09-25, 'South Korea', NULL, 2025-08-28 14:52:03),
(485, 'Gary', 'Simpson', 'gary.simpson469@gmail.com', '+81-835-4529-8407', 'TZ10000469', 1999-09-24, 'Japan', NULL, 2025-08-28 14:52:03),
(486, 'Taylor', 'Thompson', 'taylor.thompson470@hotmail.com', '+82-107-4188-8406', 'M10000470', 2004-07-10, 'South Korea', NULL, 2025-08-28 14:52:03),
(487, 'Teresa', 'Doyle', 'teresa.doyle471@naver.com', '+82-693-6837-6138', 'M10000471', 2000-05-19, 'South Korea', NULL, 2025-08-28 14:52:03),
(488, 'Curtis', 'Burns', 'curtis.burns472@hotmail.com', '+82-729-4577-4015', 'M10000472', 2003-12-23, 'South Korea', NULL, 2025-08-28 14:52:03),
(489, 'Mary', 'Skinner', 'mary.skinner473@naver.com', '+82-337-4094-7046', 'M10000473', 2001-08-09, 'South Korea', NULL, 2025-08-28 14:52:03),
(490, 'Kimberly', 'Oconnor', 'kimberly.oconnor474@hotmail.com', '+82-527-6413-6613', 'M10000474', 1974-03-28, 'South Korea', NULL, 2025-08-28 14:52:03),
(491, 'Spencer', 'Ferguson', 'spencer.ferguson475@hotmail.com', '+1-430-6037-6839', 'US10000475', 1996-12-17, 'USA', NULL, 2025-08-28 14:52:03),
(492, 'Jessica', 'Waters', 'jessica.waters476@hotmail.com', '+81-362-6735-2647', 'TZ10000476', 2004-05-18, 'Japan', NULL, 2025-08-28 14:52:03),
(493, 'Grace', 'Williamson', 'grace.williamson477@hotmail.com', '+44-790-7969-1434', 'UK10000477', 1991-11-09, 'UK', NULL, 2025-08-28 14:52:03),
(494, 'Joel', 'Clarke', 'joel.clarke478@gmail.com', '+44-725-2551-8493', 'UK10000478', 2002-12-19, 'UK', NULL, 2025-08-28 14:52:03),
(495, 'Brandi', 'Mccarty', 'brandi.mccarty479@yahoo.com', '+82-955-4572-3345', 'M10000479', 1985-01-14, 'South Korea', NULL, 2025-08-28 14:52:03),
(496, 'Nancy', 'Beck', 'nancy.beck480@naver.com', '+81-749-4004-6450', 'TZ10000480', 1964-02-20, 'Japan', NULL, 2025-08-28 14:52:03),
(497, 'Brett', 'Alvarez', 'brett.alvarez481@naver.com', '+81-745-5035-6064', 'TZ10000481', 2000-12-16, 'Japan', NULL, 2025-08-28 14:52:03),
(498, 'Brittany', 'Armstrong', 'brittany.armstrong482@gmail.com', '+1-365-8383-8515', 'US10000482', 1981-10-25, 'USA', NULL, 2025-08-28 14:52:03),
(499, 'Rose', 'Humphrey', 'rose.humphrey483@yahoo.com', '+82-799-9188-1728', 'M10000483', 2000-04-18, 'South Korea', NULL, 2025-08-28 14:52:03),
(500, 'Stephen', 'Clay', 'stephen.clay484@hotmail.com', '+82-806-7342-9404', 'M10000484', 1984-01-25, 'South Korea', NULL, 2025-08-28 14:52:03),
(501, 'Denis', 'Bowen', 'denis.bowen485@naver.com', '+44-384-6793-2152', 'UK10000485', 1987-07-09, 'UK', NULL, 2025-08-28 14:52:03),
(502, 'James', 'Stevenson', 'james.stevenson486@hotmail.com', '+1-163-6067-9910', 'US10000486', 1994-12-28, 'USA', NULL, 2025-08-28 14:52:03),
(503, 'Jacob', 'Williams', 'jacob.williams487@gmail.com', '+82-487-2951-1541', 'M10000487', 1978-04-27, 'South Korea', NULL, 2025-08-28 14:52:03),
(504, 'Jose', 'Arnold', 'jose.arnold488@hotmail.com', '+1-247-9998-4205', 'US10000488', 1966-05-25, 'USA', NULL, 2025-08-28 14:52:03),
(505, 'Bernard', 'Spencer', 'bernard.spencer489@naver.com', '+86-337-3728-7449', 'G10000489', 1997-12-28, 'China', NULL, 2025-08-28 14:52:03),
(506, 'Christopher', 'Houston', 'christopher.houston490@gmail.com', '+82-406-7893-2333', 'M10000490', 1990-05-21, 'South Korea', NULL, 2025-08-28 14:52:03),
(507, 'Erik', 'Benson', 'erik.benson491@gmail.com', '+1-364-2090-1579', 'US10000491', 1987-11-07, 'USA', NULL, 2025-08-28 14:52:03),
(508, 'Crystal', 'Edwards', 'crystal.edwards492@naver.com', '+82-551-8751-8327', 'M10000492', 1987-09-01, 'South Korea', NULL, 2025-08-28 14:52:03),
(509, 'Jillian', 'Gray', 'jillian.gray493@naver.com', '+1-880-7257-2000', 'US10000493', 1982-09-20, 'USA', NULL, 2025-08-28 14:52:03),
(510, 'Marcus', 'Barrera', 'marcus.barrera494@naver.com', '+1-191-4021-8598', 'US10000494', 2002-11-07, 'USA', NULL, 2025-08-28 14:52:03),
(511, 'Dana', 'Aguirre', 'dana.aguirre495@naver.com', '+1-274-7299-4513', 'US10000495', 1983-04-11, 'USA', NULL, 2025-08-28 14:52:03),
(512, 'Ray', 'Mcmahon', 'ray.mcmahon496@yahoo.com', '+33-890-8887-6041', 'FR10000496', 1986-11-13, 'France', NULL, 2025-08-28 14:52:03),
(513, 'Sean', 'Sparks', 'sean.sparks497@hotmail.com', '+82-959-7945-1024', 'M10000497', 1985-08-26, 'South Korea', NULL, 2025-08-28 14:52:03),
(514, 'Meredith', 'Reed', 'meredith.reed498@yahoo.com', '+82-719-1626-9994', 'M10000498', 2000-06-10, 'South Korea', NULL, 2025-08-28 14:52:03),
(515, 'Lauren', 'Bean', 'lauren.bean499@yahoo.com', '+82-241-4826-5130', 'M10000499', 2002-01-19, 'South Korea', NULL, 2025-08-28 14:52:03),
(516, 'Danielle', 'Bullock', 'danielle.bullock500@naver.com', '+81-942-5149-1502', 'TZ10000500', 1984-11-04, 'Japan', NULL, 2025-08-28 14:52:03),
(517, 'Rebecca', 'Rodriguez', 'rebecca.rodriguez501@yahoo.com', '+86-504-3794-8750', 'G10000501', 1985-02-11, 'China', NULL, 2025-08-28 14:52:03),
(518, 'Amanda', 'Johnson', 'amanda.johnson502@hotmail.com', '+82-330-4121-3580', 'M10000502', 1978-12-19, 'South Korea', NULL, 2025-08-28 14:52:03),
(519, 'Pam', 'Brown', 'pam.brown503@yahoo.com', '+1-586-5799-3535', 'US10000503', 1974-09-09, 'USA', NULL, 2025-08-28 14:52:03),
(520, 'Dorothy', 'Cannon', 'dorothy.cannon504@yahoo.com', '+1-948-5887-1364', 'US10000504', 2001-06-16, 'USA', NULL, 2025-08-28 14:52:03),
(521, 'Martha', 'Garcia', 'martha.garcia505@gmail.com', '+81-184-4359-7142', 'TZ10000505', 1979-09-24, 'Japan', NULL, 2025-08-28 14:52:03),
(522, 'Ashley', 'Ellison', 'ashley.ellison506@yahoo.com', '+81-948-9894-8551', 'TZ10000506', 1964-11-15, 'Japan', NULL, 2025-08-28 14:52:03),
(523, 'Karen', 'Miller', 'karen.miller507@yahoo.com', '+1-536-3252-6445', 'US10000507', 1994-09-08, 'USA', NULL, 2025-08-28 14:52:03),
(524, 'Marvin', 'Copeland', 'marvin.copeland508@hotmail.com', '+86-368-6192-9636', 'G10000508', 1954-05-06, 'China', NULL, 2025-08-28 14:52:03),
(525, 'Thomas', 'Reeves', 'thomas.reeves509@naver.com', '+82-668-6447-3906', 'M10000509', 1960-04-12, 'South Korea', NULL, 2025-08-28 14:52:03),
(526, 'Kathleen', 'Klein', 'kathleen.klein510@naver.com', '+82-151-2519-7293', 'M10000510', 2004-02-19, 'South Korea', NULL, 2025-08-28 14:52:03),
(527, 'Anthony', 'Hall', 'anthony.hall511@gmail.com', '+82-882-8820-7747', 'M10000511', 1988-06-06, 'South Korea', NULL, 2025-08-28 14:52:03),
(528, 'Jamie', 'Soto', 'jamie.soto512@naver.com', '+1-605-4892-7039', 'US10000512', 1966-05-23, 'USA', NULL, 2025-08-28 14:52:03),
(529, 'Courtney', 'Lee', 'courtney.lee513@gmail.com', '+86-704-4851-7768', 'G10000513', 1982-12-27, 'China', NULL, 2025-08-28 14:52:03),
(530, 'Daniel', 'Kennedy', 'daniel.kennedy514@hotmail.com', '+44-383-3393-9371', 'UK10000514', 1987-07-03, 'UK', NULL, 2025-08-28 14:52:03),
(531, 'Michael', 'Dodson', 'michael.dodson515@naver.com', '+82-803-4628-3638', 'M10000515', 1998-02-26, 'South Korea', NULL, 2025-08-28 14:52:03),
(532, 'Savannah', 'Schroeder', 'savannah.schroeder516@naver.com', '+49-575-9712-3627', 'C10000516', 1984-07-13, 'Germany', NULL, 2025-08-28 14:52:03),
(533, 'Sydney', 'Black', 'sydney.black517@yahoo.com', '+1-653-3412-5663', 'US10000517', 1973-11-22, 'USA', NULL, 2025-08-28 14:52:03),
(534, 'Teresa', 'Hicks', 'teresa.hicks518@yahoo.com', '+44-227-8133-9399', 'UK10000518', 1974-09-28, 'UK', NULL, 2025-08-28 14:52:03),
(535, 'Lisa', 'Hall', 'lisa.hall519@hotmail.com', '+81-126-6913-1163', 'TZ10000519', 1996-11-01, 'Japan', NULL, 2025-08-28 14:52:03),
(536, 'Mallory', 'Hartman', 'mallory.hartman520@gmail.com', '+86-885-3083-8812', 'G10000520', 1992-08-09, 'China', NULL, 2025-08-28 14:52:03),
(537, 'Darlene', 'Arellano', 'darlene.arellano521@yahoo.com', '+1-665-2096-5795', 'US10000521', 1959-04-01, 'USA', NULL, 2025-08-28 14:52:03),
(538, 'Jessica', 'Taylor', 'jessica.taylor522@yahoo.com', '+82-608-5945-6986', 'M10000522', 2001-10-24, 'South Korea', NULL, 2025-08-28 14:52:03),
(539, 'Brent', 'Garcia', 'brent.garcia523@yahoo.com', '+86-639-1330-1388', 'G10000523', 1978-11-28, 'China', NULL, 2025-08-28 14:52:03),
(540, 'Rachel', 'Olsen', 'rachel.olsen524@hotmail.com', '+82-892-4389-1548', 'M10000524', 2002-08-25, 'South Korea', NULL, 2025-08-28 14:52:03),
(541, 'Christy', 'Murphy', 'christy.murphy525@yahoo.com', '+81-173-5247-1359', 'TZ10000525', 1980-10-13, 'Japan', NULL, 2025-08-28 14:52:03),
(542, 'Kevin', 'Flores', 'kevin.flores526@naver.com', '+82-606-1340-5093', 'M10000526', 1999-08-03, 'South Korea', NULL, 2025-08-28 14:52:03),
(543, 'Devin', 'Walls', 'devin.walls527@yahoo.com', '+82-524-6859-2174', 'M10000527', 1985-05-08, 'South Korea', NULL, 2025-08-28 14:52:03),
(544, 'Danielle', 'Villa', 'danielle.villa528@hotmail.com', '+82-329-3174-4094', 'M10000528', 1990-05-08, 'South Korea', NULL, 2025-08-28 14:52:03),
(545, 'Ronald', 'Hayes', 'ronald.hayes529@yahoo.com', '+81-424-7834-9138', 'TZ10000529', 2002-04-18, 'Japan', NULL, 2025-08-28 14:52:03),
(546, 'Erin', 'Mckinney', 'erin.mckinney530@hotmail.com', '+82-208-5142-5124', 'M10000530', 1969-08-24, 'South Korea', NULL, 2025-08-28 14:52:03),
(547, 'Katie', 'Lyons', 'katie.lyons531@yahoo.com', '+1-662-5779-5456', 'US10000531', 1991-02-02, 'USA', NULL, 2025-08-28 14:52:03),
(548, 'Jonathan', 'Taylor', 'jonathan.taylor532@gmail.com', '+1-954-8795-2672', 'US10000532', 1974-01-01, 'USA', NULL, 2025-08-28 14:52:03),
(549, 'Michael', 'Leonard', 'michael.leonard533@naver.com', '+82-812-2860-2381', 'M10000533', 1977-01-17, 'South Korea', NULL, 2025-08-28 14:52:03),
(550, 'Alexa', 'French', 'alexa.french534@hotmail.com', '+1-859-2821-4206', 'US10000534', 1991-09-06, 'USA', NULL, 2025-08-28 14:52:03),
(551, 'Mary', 'Johnson', 'mary.johnson535@yahoo.com', '+1-190-6898-7578', 'US10000535', 1964-08-03, 'USA', NULL, 2025-08-28 14:52:03),
(552, 'Gina', 'Davis', 'gina.davis536@gmail.com', '+1-229-5454-5743', 'US10000536', 1992-08-12, 'USA', NULL, 2025-08-28 14:52:03),
(553, 'Zoe', 'Powell', 'zoe.powell537@yahoo.com', '+82-601-1236-8076', 'M10000537', 1983-12-28, 'South Korea', NULL, 2025-08-28 14:52:03),
(554, 'Steven', 'Glenn', 'steven.glenn538@gmail.com', '+49-376-4305-4062', 'C10000538', 1993-03-05, 'Germany', NULL, 2025-08-28 14:52:03),
(555, 'Matthew', 'Mason', 'matthew.mason539@gmail.com', '+82-633-9259-1601', 'M10000539', 1992-08-25, 'South Korea', NULL, 2025-08-28 14:52:03),
(556, 'Andrew', 'Terry', 'andrew.terry540@naver.com', '+82-485-1162-8383', 'M10000540', 1990-06-12, 'South Korea', NULL, 2025-08-28 14:52:03),
(557, 'Rachel', 'Roberts', 'rachel.roberts541@gmail.com', '+82-170-8319-3725', 'M10000541', 1987-10-07, 'South Korea', NULL, 2025-08-28 14:52:03),
(558, 'Jacqueline', 'Ali', 'jacqueline.ali542@hotmail.com', '+44-235-7993-7947', 'UK10000542', 1985-06-03, 'UK', NULL, 2025-08-28 14:52:03),
(559, 'Tim', 'Hudson', 'tim.hudson543@naver.com', '+1-983-6802-1561', 'US10000543', 2003-05-24, 'USA', NULL, 2025-08-28 14:52:03),
(560, 'Steven', 'Carter', 'steven.carter544@hotmail.com', '+86-408-1351-2543', 'G10000544', 1991-07-07, 'China', NULL, 2025-08-28 14:52:03),
(561, 'Norman', 'Brown', 'norman.brown545@yahoo.com', '+44-688-5860-9406', 'UK10000545', 1992-08-11, 'UK', NULL, 2025-08-28 14:52:03),
(562, 'Nicholas', 'Orozco', 'nicholas.orozco546@naver.com', '+82-746-4356-1854', 'M10000546', 1959-05-27, 'South Korea', NULL, 2025-08-28 14:52:03),
(563, 'Jessica', 'Jackson', 'jessica.jackson547@hotmail.com', '+82-426-6496-1930', 'M10000547', 1984-03-08, 'South Korea', NULL, 2025-08-28 14:52:03),
(564, 'Pamela', 'Church', 'pamela.church548@hotmail.com', '+81-267-4407-2446', 'TZ10000548', 1986-05-01, 'Japan', NULL, 2025-08-28 14:52:03),
(565, 'Christopher', 'Barnes', 'christopher.barnes549@yahoo.com', '+1-847-3396-6959', 'CA10000549', 1979-08-20, 'Canada', NULL, 2025-08-28 14:52:03),
(566, 'Brittany', 'Scott', 'brittany.scott550@gmail.com', '+82-651-9887-8754', 'M10000550', 1991-12-27, 'South Korea', NULL, 2025-08-28 14:52:03),
(567, 'Anthony', 'Mccullough', 'anthony.mccullough551@hotmail.com', '+81-759-2038-7268', 'TZ10000551', 1996-03-22, 'Japan', NULL, 2025-08-28 14:52:03),
(568, 'Cheryl', 'Evans', 'cheryl.evans552@gmail.com', '+82-437-6030-7133', 'M10000552', 1971-07-25, 'South Korea', NULL, 2025-08-28 14:52:03),
(569, 'Paul', 'Torres', 'paul.torres553@gmail.com', '+82-802-4864-9856', 'M10000553', 1993-12-01, 'South Korea', NULL, 2025-08-28 14:52:03),
(570, 'Jennifer', 'Mann', 'jennifer.mann554@gmail.com', '+44-136-3819-7058', 'UK10000554', 1973-11-08, 'UK', NULL, 2025-08-28 14:52:03),
(571, 'Evan', 'Mason', 'evan.mason555@hotmail.com', '+81-605-1939-3297', 'TZ10000555', 1974-09-10, 'Japan', NULL, 2025-08-28 14:52:03),
(572, 'Daniel', 'Walters', 'daniel.walters556@naver.com', '+86-419-5135-2919', 'G10000556', 2003-06-02, 'China', NULL, 2025-08-28 14:52:03),
(573, 'Jack', 'Dean', 'jack.dean557@hotmail.com', '+82-405-4933-5844', 'M10000557', 1995-10-18, 'South Korea', NULL, 2025-08-28 14:52:03),
(574, 'Emily', 'Jones', 'emily.jones558@hotmail.com', '+33-411-4662-6153', 'FR10000558', 1988-09-21, 'France', NULL, 2025-08-28 14:52:03),
(575, 'Gabriel', 'Turner', 'gabriel.turner559@hotmail.com', '+81-668-7885-5011', 'TZ10000559', 1990-06-25, 'Japan', NULL, 2025-08-28 14:52:03),
(576, 'Randy', 'Norman', 'randy.norman560@yahoo.com', '+86-480-9648-9486', 'G10000560', 1974-02-09, 'China', NULL, 2025-08-28 14:52:03),
(577, 'Faith', 'Suarez', 'faith.suarez561@gmail.com', '+1-476-7390-2398', 'US10000561', 1991-02-06, 'USA', NULL, 2025-08-28 14:52:03),
(578, 'Kimberly', 'Macdonald', 'kimberly.macdonald562@naver.com', '+82-106-4958-9455', 'M10000562', 1993-01-10, 'South Korea', NULL, 2025-08-28 14:52:03),
(579, 'Collin', 'Allen', 'collin.allen563@hotmail.com', '+86-354-8405-5307', 'G10000563', 1958-03-05, 'China', NULL, 2025-08-28 14:52:03),
(580, 'David', 'Ramirez', 'david.ramirez564@hotmail.com', '+82-290-4728-6760', 'M10000564', 1998-07-03, 'South Korea', NULL, 2025-08-28 14:52:03),
(581, 'Gabriel', 'Allen', 'gabriel.allen565@gmail.com', '+49-750-5562-9274', 'C10000565', 1985-06-28, 'Germany', NULL, 2025-08-28 14:52:03),
(582, 'Charles', 'Maxwell', 'charles.maxwell566@gmail.com', '+1-461-2989-8499', 'CA10000566', 1998-09-21, 'Canada', NULL, 2025-08-28 14:52:03),
(583, 'Denise', 'Ellis', 'denise.ellis567@naver.com', '+1-322-8473-1395', 'US10000567', 2003-01-28, 'USA', NULL, 2025-08-28 14:52:03),
(584, 'Morgan', 'Hutchinson', 'morgan.hutchinson568@hotmail.com', '+82-547-6191-1907', 'M10000568', 1984-10-16, 'South Korea', NULL, 2025-08-28 14:52:03),
(585, 'Angela', 'Simpson', 'angela.simpson569@hotmail.com', '+1-211-9816-2761', 'US10000569', 1991-01-21, 'USA', NULL, 2025-08-28 14:52:03),
(586, 'Antonio', 'Harris', 'antonio.harris570@hotmail.com', '+81-382-8274-9699', 'TZ10000570', 1986-12-18, 'Japan', NULL, 2025-08-28 14:52:03),
(587, 'Stephen', 'Brooks', 'stephen.brooks571@naver.com', '+82-421-8508-5327', 'M10000571', 1982-11-11, 'South Korea', NULL, 2025-08-28 14:52:03),
(588, 'David', 'Lozano', 'david.lozano572@yahoo.com', '+1-293-3957-1698', 'CA10000572', 1999-02-25, 'Canada', NULL, 2025-08-28 14:52:03),
(589, 'Sabrina', 'Ryan', 'sabrina.ryan573@naver.com', '+1-552-7111-9255', 'US10000573', 1974-08-15, 'USA', NULL, 2025-08-28 14:52:03),
(590, 'Michelle', 'Cruz', 'michelle.cruz574@hotmail.com', '+86-169-8245-2620', 'G10000574', 1967-05-23, 'China', NULL, 2025-08-28 14:52:03),
(591, 'Albert', 'Conrad', 'albert.conrad575@naver.com', '+82-495-1242-5727', 'M10000575', 1968-10-15, 'South Korea', NULL, 2025-08-28 14:52:03),
(592, 'Mark', 'Roberts', 'mark.roberts576@gmail.com', '+81-983-4606-1321', 'TZ10000576', 2003-06-10, 'Japan', NULL, 2025-08-28 14:52:03),
(593, 'Benjamin', 'Gomez', 'benjamin.gomez577@gmail.com', '+1-741-7661-6427', 'US10000577', 1998-08-15, 'USA', NULL, 2025-08-28 14:52:03),
(594, 'John', 'Collier', 'john.collier578@hotmail.com', '+82-968-2083-8279', 'M10000578', 1999-08-20, 'South Korea', NULL, 2025-08-28 14:52:03),
(595, 'Nathan', 'Ortega', 'nathan.ortega579@gmail.com', '+86-380-7641-4256', 'G10000579', 1996-03-27, 'China', NULL, 2025-08-28 14:52:03),
(596, 'April', 'Mcdonald', 'april.mcdonald580@naver.com', '+82-570-9621-5817', 'M10000580', 1987-05-28, 'South Korea', NULL, 2025-08-28 14:52:03),
(597, 'Lori', 'Harvey', 'lori.harvey581@yahoo.com', '+82-222-4102-3262', 'M10000581', 1994-08-03, 'South Korea', NULL, 2025-08-28 14:52:03),
(598, 'Lisa', 'Boyle', 'lisa.boyle582@hotmail.com', '+82-628-5748-2878', 'M10000582', 2001-01-14, 'South Korea', NULL, 2025-08-28 14:52:03),
(599, 'Allison', 'Gardner', 'allison.gardner583@yahoo.com', '+86-977-1222-5439', 'G10000583', 1976-07-15, 'China', NULL, 2025-08-28 14:52:03),
(600, 'Kristen', 'Jones', 'kristen.jones584@gmail.com', '+49-831-7296-2193', 'C10000584', 1987-07-22, 'Germany', NULL, 2025-08-28 14:52:03),
(601, 'Matthew', 'Costa', 'matthew.costa585@yahoo.com', '+33-705-2423-8655', 'FR10000585', 1990-07-20, 'France', NULL, 2025-08-28 14:52:03),
(602, 'Julia', 'Hart', 'julia.hart586@gmail.com', '+82-751-5439-6077', 'M10000586', 1974-06-24, 'South Korea', NULL, 2025-08-28 14:52:03),
(603, 'Todd', 'Carroll', 'todd.carroll587@yahoo.com', '+82-561-4270-4384', 'M10000587', 1973-11-28, 'South Korea', NULL, 2025-08-28 14:52:03),
(604, 'Holly', 'Brown', 'holly.brown588@hotmail.com', '+1-971-3038-2961', 'US10000588', 1972-10-12, 'USA', NULL, 2025-08-28 14:52:03),
(605, 'Brad', 'Garcia', 'brad.garcia589@hotmail.com', '+1-793-9910-4243', 'US10000589', 1992-02-15, 'USA', NULL, 2025-08-28 14:52:03),
(606, 'Lisa', 'Martin', 'lisa.martin590@gmail.com', '+82-244-6420-3160', 'M10000590', 1988-08-19, 'South Korea', NULL, 2025-08-28 14:52:03),
(607, 'Natalie', 'Wells', 'natalie.wells591@yahoo.com', '+82-207-3470-7608', 'M10000591', 1980-10-25, 'South Korea', NULL, 2025-08-28 14:52:03),
(608, 'Michelle', 'Lewis', 'michelle.lewis592@naver.com', '+82-953-8716-3437', 'M10000592', 1988-09-24, 'South Korea', NULL, 2025-08-28 14:52:03),
(609, 'Gabrielle', 'Nunez', 'gabrielle.nunez593@naver.com', '+1-696-3909-3462', 'US10000593', 1991-08-07, 'USA', NULL, 2025-08-28 14:52:03),
(610, 'Jason', 'Lyons', 'jason.lyons594@yahoo.com', '+1-657-3601-5066', 'CA10000594', 2004-08-11, 'Canada', NULL, 2025-08-28 14:52:03),
(611, 'Tamara', 'Mendoza', 'tamara.mendoza595@hotmail.com', '+81-636-8107-9466', 'TZ10000595', 1977-10-09, 'Japan', NULL, 2025-08-28 14:52:03),
(612, 'Matthew', 'Alexander', 'matthew.alexander596@naver.com', '+82-486-9295-2785', 'M10000596', 1997-05-22, 'South Korea', NULL, 2025-08-28 14:52:03),
(613, 'James', 'Howell', 'james.howell597@gmail.com', '+1-232-1237-4551', 'CA10000597', 1996-02-21, 'Canada', NULL, 2025-08-28 14:52:03),
(614, 'David', 'Martinez', 'david.martinez598@hotmail.com', '+82-952-7459-5656', 'M10000598', 1988-10-17, 'South Korea', NULL, 2025-08-28 14:52:03),
(615, 'Keith', 'Navarro', 'keith.navarro599@hotmail.com', '+1-319-8187-7183', 'US10000599', 1982-12-25, 'USA', NULL, 2025-08-28 14:52:03),
(616, 'James', 'Cooper', 'james.cooper600@naver.com', '+1-645-2747-5420', 'US10000600', 1984-01-05, 'USA', NULL, 2025-08-28 14:52:03),
(617, 'James', 'Miles', 'james.miles601@naver.com', '+82-860-3921-7134', 'M10000601', 2002-09-24, 'South Korea', NULL, 2025-08-28 14:52:03),
(618, 'Daniel', 'Edwards', 'daniel.edwards602@naver.com', '+82-914-5229-6846', 'M10000602', 1970-08-07, 'South Korea', NULL, 2025-08-28 14:52:03),
(619, 'Deborah', 'White', 'deborah.white603@hotmail.com', '+82-798-1770-4153', 'M10000603', 1994-08-26, 'South Korea', NULL, 2025-08-28 14:52:03),
(620, 'Michael', 'Williams', 'michael.williams604@gmail.com', '+1-367-4362-8707', 'US10000604', 1979-08-11, 'USA', NULL, 2025-08-28 14:52:03),
(621, 'Bobby', 'Hayes', 'bobby.hayes605@naver.com', '+81-163-1020-9933', 'TZ10000605', 1994-10-13, 'Japan', NULL, 2025-08-28 14:52:03),
(622, 'Bill', 'Miller', 'bill.miller606@gmail.com', '+82-563-2629-4231', 'M10000606', 1968-02-22, 'South Korea', NULL, 2025-08-28 14:52:03),
(623, 'Michael', 'Stanley', 'michael.stanley607@naver.com', '+1-273-1376-9039', 'CA10000607', 1990-03-17, 'Canada', NULL, 2025-08-28 14:52:03),
(624, 'Rhonda', 'Cochran', 'rhonda.cochran608@hotmail.com', '+81-734-2527-6526', 'TZ10000608', 1989-09-09, 'Japan', NULL, 2025-08-28 14:52:03),
(625, 'Laura', 'Barnes', 'laura.barnes609@gmail.com', '+86-357-1286-1839', 'G10000609', 2003-07-17, 'China', NULL, 2025-08-28 14:52:03),
(626, 'Bonnie', 'Morton', 'bonnie.morton610@gmail.com', '+1-653-9470-8116', 'US10000610', 1993-07-26, 'USA', NULL, 2025-08-28 14:52:03),
(627, 'Amy', 'Griffin', 'amy.griffin611@gmail.com', '+86-138-6829-6168', 'G10000611', 1984-09-18, 'China', NULL, 2025-08-28 14:52:03),
(628, 'Lee', 'Martinez', 'lee.martinez612@naver.com', '+82-932-6193-9960', 'M10000612', 1974-07-07, 'South Korea', NULL, 2025-08-28 14:52:03),
(629, 'Paula', 'Sanchez', 'paula.sanchez613@hotmail.com', '+82-392-2852-4706', 'M10000613', 1983-04-10, 'South Korea', NULL, 2025-08-28 14:52:03),
(630, 'John', 'Rodgers', 'john.rodgers614@hotmail.com', '+1-174-2217-8692', 'US10000614', 2000-07-22, 'USA', NULL, 2025-08-28 14:52:03),
(631, 'Donna', 'Mccarthy', 'donna.mccarthy615@hotmail.com', '+81-899-7900-4620', 'TZ10000615', 2004-04-11, 'Japan', NULL, 2025-08-28 14:52:03),
(632, 'Patrick', 'Cross', 'patrick.cross616@yahoo.com', '+1-331-6071-9896', 'US10000616', 1972-01-09, 'USA', NULL, 2025-08-28 14:52:03),
(633, 'Gary', 'Rees', 'gary.rees617@naver.com', '+44-203-6595-5338', 'UK10000617', 1989-08-28, 'UK', NULL, 2025-08-28 14:52:03),
(634, 'Angela', 'Olson', 'angela.olson618@hotmail.com', '+82-351-4469-3188', 'M10000618', 1991-07-28, 'South Korea', NULL, 2025-08-28 14:52:03),
(635, 'Christina', 'Blake', 'christina.blake619@gmail.com', '+1-304-2962-9845', 'US10000619', 1983-01-07, 'USA', NULL, 2025-08-28 14:52:03),
(636, 'Jeremy', 'Reyes', 'jeremy.reyes620@naver.com', '+1-342-2626-3466', 'US10000620', 1994-05-01, 'USA', NULL, 2025-08-28 14:52:03),
(637, 'Kelly', 'Elliott', 'kelly.elliott621@hotmail.com', '+1-483-3227-6482', 'US10000621', 2003-03-11, 'USA', NULL, 2025-08-28 14:52:03),
(638, 'Jessica', 'Gonzalez', 'jessica.gonzalez622@hotmail.com', '+86-362-4808-9220', 'G10000622', 1988-08-26, 'China', NULL, 2025-08-28 14:52:03),
(639, 'Kendra', 'Smith', 'kendra.smith623@hotmail.com', '+1-837-8209-1613', 'CA10000623', 1982-11-25, 'Canada', NULL, 2025-08-28 14:52:03),
(640, 'Anthony', 'Buckley', 'anthony.buckley624@hotmail.com', '+49-922-9706-8449', 'C10000624', 1994-07-10, 'Germany', NULL, 2025-08-28 14:52:03),
(641, 'Jacqueline', 'Grant', 'jacqueline.grant625@yahoo.com', '+61-769-7440-8007', 'PA10000625', 2001-04-02, 'Australia', NULL, 2025-08-28 14:52:03),
(642, 'Cameron', 'Norman', 'cameron.norman626@yahoo.com', '+49-339-5984-8168', 'C10000626', 1977-11-07, 'Germany', NULL, 2025-08-28 14:52:03),
(643, 'Anthony', 'Tanner', 'anthony.tanner627@yahoo.com', '+81-653-5454-7321', 'TZ10000627', 2000-11-12, 'Japan', NULL, 2025-08-28 14:52:03),
(644, 'Ariel', 'Owens', 'ariel.owens628@naver.com', '+82-553-6964-9094', 'M10000628', 1987-10-03, 'South Korea', NULL, 2025-08-28 14:52:03),
(645, 'Laura', 'Wells', 'laura.wells629@gmail.com', '+82-342-5700-3292', 'M10000629', 1985-08-18, 'South Korea', NULL, 2025-08-28 14:52:03),
(646, 'Robert', 'Hancock', 'robert.hancock630@naver.com', '+86-970-6253-7663', 'G10000630', 1986-05-26, 'China', NULL, 2025-08-28 14:52:03),
(647, 'Ian', 'Roach', 'ian.roach631@gmail.com', '+1-425-3805-6985', 'US10000631', 2002-05-21, 'USA', NULL, 2025-08-28 14:52:03),
(648, 'Valerie', 'Chambers', 'valerie.chambers632@yahoo.com', '+82-992-5925-2252', 'M10000632', 2002-04-15, 'South Korea', NULL, 2025-08-28 14:52:03),
(649, 'Sally', 'Law', 'sally.law633@yahoo.com', '+44-663-8737-3220', 'UK10000633', 1966-09-07, 'UK', NULL, 2025-08-28 14:52:03),
(650, 'Amy', 'Sanders', 'amy.sanders634@naver.com', '+1-847-3597-4807', 'US10000634', 1977-03-23, 'USA', NULL, 2025-08-28 14:52:03),
(651, 'Ashley', 'Simon', 'ashley.simon635@yahoo.com', '+1-933-3024-8199', 'US10000635', 1976-12-15, 'USA', NULL, 2025-08-28 14:52:03),
(652, 'Andrea', 'Fox', 'andrea.fox636@hotmail.com', '+86-594-3339-1747', 'G10000636', 1996-03-20, 'China', NULL, 2025-08-28 14:52:03),
(653, 'William', 'Robertson', 'william.robertson637@naver.com', '+49-313-6069-2117', 'C10000637', 1984-08-09, 'Germany', NULL, 2025-08-28 14:52:03),
(654, 'Julia', 'Hatfield', 'julia.hatfield638@naver.com', '+86-931-5489-1114', 'G10000638', 1999-02-03, 'China', NULL, 2025-08-28 14:52:03),
(655, 'Yolanda', 'Martinez', 'yolanda.martinez639@yahoo.com', '+81-737-1791-9488', 'TZ10000639', 2002-09-25, 'Japan', NULL, 2025-08-28 14:52:03),
(656, 'Jeffrey', 'Jordan', 'jeffrey.jordan640@naver.com', '+1-107-8908-2274', 'US10000640', 1968-08-12, 'USA', NULL, 2025-08-28 14:52:03),
(657, 'Joshua', 'Hopkins', 'joshua.hopkins641@gmail.com', '+86-589-6361-5247', 'G10000641', 1985-11-26, 'China', NULL, 2025-08-28 14:52:03),
(658, 'Kevin', 'Baker', 'kevin.baker642@gmail.com', '+61-286-7608-3611', 'PA10000642', 1998-02-15, 'Australia', NULL, 2025-08-28 14:52:03),
(659, 'Jennifer', 'Carter', 'jennifer.carter643@gmail.com', '+81-967-3860-2801', 'TZ10000643', 1990-08-14, 'Japan', NULL, 2025-08-28 14:52:03),
(660, 'Angela', 'Kennedy', 'angela.kennedy644@gmail.com', '+86-822-3845-5949', 'G10000644', 1976-06-07, 'China', NULL, 2025-08-28 14:52:03),
(661, 'Sean', 'Dobson', 'sean.dobson645@gmail.com', '+44-268-5574-1089', 'UK10000645', 1997-12-28, 'UK', NULL, 2025-08-28 14:52:03),
(662, 'Stephanie', 'Perez', 'stephanie.perez646@yahoo.com', '+1-704-3406-9532', 'CA10000646', 1991-03-01, 'Canada', NULL, 2025-08-28 14:52:03),
(663, 'Harry', 'Holland', 'harry.holland647@gmail.com', '+81-213-7050-8843', 'TZ10000647', 1990-09-04, 'Japan', NULL, 2025-08-28 14:52:03),
(664, 'Edwin', 'Moody', 'edwin.moody648@yahoo.com', '+82-733-7199-9402', 'M10000648', 1971-07-22, 'South Korea', NULL, 2025-08-28 14:52:03),
(665, 'Robin', 'Boyd', 'robin.boyd649@gmail.com', '+33-750-9133-7502', 'FR10000649', 1971-04-15, 'France', NULL, 2025-08-28 14:52:03),
(666, 'Anthony', 'Oneal', 'anthony.oneal650@gmail.com', '+81-840-7489-4872', 'TZ10000650', 1992-08-20, 'Japan', NULL, 2025-08-28 14:52:03),
(667, 'Riley', 'Watkins', 'riley.watkins651@naver.com', '+81-482-7742-7527', 'TZ10000651', 1988-05-10, 'Japan', NULL, 2025-08-28 14:52:03),
(668, 'Katelyn', 'Huff', 'katelyn.huff652@gmail.com', '+1-776-9702-2426', 'US10000652', 1997-08-07, 'USA', NULL, 2025-08-28 14:52:03),
(669, 'Debra', 'Hart', 'debra.hart653@gmail.com', '+1-127-2866-1675', 'US10000653', 1993-11-13, 'USA', NULL, 2025-08-28 14:52:03),
(670, 'Sharon', 'Williams', 'sharon.williams654@gmail.com', '+44-343-9857-3141', 'UK10000654', 1977-08-03, 'UK', NULL, 2025-08-28 14:52:03),
(671, 'Maria', 'Chandler', 'maria.chandler655@hotmail.com', '+1-328-2003-2398', 'US10000655', 1985-03-18, 'USA', NULL, 2025-08-28 14:52:03),
(672, 'Heather', 'Ryan', 'heather.ryan656@naver.com', '+82-732-8137-3537', 'M10000656', 1994-01-14, 'South Korea', NULL, 2025-08-28 14:52:03),
(673, 'Tammy', 'Holmes', 'tammy.holmes657@yahoo.com', '+49-910-8793-8751', 'C10000657', 1975-10-08, 'Germany', NULL, 2025-08-28 14:52:03),
(674, 'Jacob', 'Preston', 'jacob.preston658@gmail.com', '+82-564-5718-2590', 'M10000658', 2004-12-04, 'South Korea', NULL, 2025-08-28 14:52:03),
(675, 'Lori', 'Rodriguez', 'lori.rodriguez659@gmail.com', '+82-163-4243-3135', 'M10000659', 2000-08-11, 'South Korea', NULL, 2025-08-28 14:52:03),
(676, 'Laura', 'Reed', 'laura.reed660@hotmail.com', '+82-529-2336-3970', 'M10000660', 1991-09-28, 'South Korea', NULL, 2025-08-28 14:52:03),
(677, 'Tommy', 'Brown', 'tommy.brown661@gmail.com', '+1-922-2754-4865', 'US10000661', 1998-12-02, 'USA', NULL, 2025-08-28 14:52:03),
(678, 'Christopher', 'Jackson', 'christopher.jackson662@yahoo.com', '+81-986-7861-7314', 'TZ10000662', 1987-05-05, 'Japan', NULL, 2025-08-28 14:52:03),
(679, 'Craig', 'Dudley', 'craig.dudley663@hotmail.com', '+86-354-7549-2695', 'G10000663', 1965-03-25, 'China', NULL, 2025-08-28 14:52:03),
(680, 'Raymond', 'Mclean', 'raymond.mclean664@yahoo.com', '+86-583-1224-2935', 'G10000664', 2002-12-12, 'China', NULL, 2025-08-28 14:52:03),
(681, 'Melinda', 'Roberson', 'melinda.roberson665@naver.com', '+82-181-3542-3802', 'M10000665', 1987-06-16, 'South Korea', NULL, 2025-08-28 14:52:03),
(682, 'Nancy', 'Sparks', 'nancy.sparks666@yahoo.com', '+82-247-1042-8534', 'M10000666', 1987-06-05, 'South Korea', NULL, 2025-08-28 14:52:03),
(683, 'Amanda', 'Miller', 'amanda.miller667@hotmail.com', '+86-525-9282-4301', 'G10000667', 1990-02-25, 'China', NULL, 2025-08-28 14:52:03),
(684, 'Maurice', 'Ward', 'maurice.ward668@gmail.com', '+44-322-4041-8844', 'UK10000668', 1979-10-09, 'UK', NULL, 2025-08-28 14:52:03),
(685, 'Robert', 'Day', 'robert.day669@yahoo.com', '+82-991-5981-1255', 'M10000669', 2004-12-19, 'South Korea', NULL, 2025-08-28 14:52:03),
(686, 'Susan', 'Brown', 'susan.brown670@yahoo.com', '+61-629-7034-5927', 'PA10000670', 1994-10-18, 'Australia', NULL, 2025-08-28 14:52:03),
(687, 'Debbie', 'Stevens', 'debbie.stevens671@yahoo.com', '+1-146-5818-6832', 'US10000671', 1984-12-23, 'USA', NULL, 2025-08-28 14:52:03),
(688, 'Stephanie', 'Jones', 'stephanie.jones672@hotmail.com', '+86-118-8937-2416', 'G10000672', 1974-12-07, 'China', NULL, 2025-08-28 14:52:03),
(689, 'Lauren', 'Nguyen', 'lauren.nguyen673@naver.com', '+82-208-9659-8093', 'M10000673', 1977-05-23, 'South Korea', NULL, 2025-08-28 14:52:03),
(690, 'Mark', 'Mendoza', 'mark.mendoza674@naver.com', '+86-147-8230-2906', 'G10000674', 1976-04-03, 'China', NULL, 2025-08-28 14:52:03),
(691, 'Brad', 'Gutierrez', 'brad.gutierrez675@gmail.com', '+82-425-3680-5054', 'M10000675', 1985-12-08, 'South Korea', NULL, 2025-08-28 14:52:03),
(692, 'Heather', 'Holland', 'heather.holland676@naver.com', '+44-188-9779-4907', 'UK10000676', 1983-09-17, 'UK', NULL, 2025-08-28 14:52:03),
(693, 'Kimberly', 'Mcknight', 'kimberly.mcknight677@gmail.com', '+82-482-4010-9428', 'M10000677', 1998-03-05, 'South Korea', NULL, 2025-08-28 14:52:03),
(694, 'Frederick', 'Ritter', 'frederick.ritter678@hotmail.com', '+81-334-8350-8941', 'TZ10000678', 1993-08-22, 'Japan', NULL, 2025-08-28 14:52:03),
(695, 'Tony', 'Morales', 'tony.morales679@hotmail.com', '+49-114-5396-1284', 'C10000679', 1962-11-09, 'Germany', NULL, 2025-08-28 14:52:03),
(696, 'Ashley', 'Mitchell', 'ashley.mitchell680@yahoo.com', '+1-313-7690-1893', 'US10000680', 2001-05-26, 'USA', NULL, 2025-08-28 14:52:03),
(697, 'Micheal', 'Rivera', 'micheal.rivera681@gmail.com', '+82-395-4812-4289', 'M10000681', 1985-08-07, 'South Korea', NULL, 2025-08-28 14:52:03),
(698, 'Nancy', 'Taylor', 'nancy.taylor682@gmail.com', '+81-745-5170-4771', 'TZ10000682', 2004-01-26, 'Japan', NULL, 2025-08-28 14:52:03),
(699, 'Thomas', 'Baxter', 'thomas.baxter683@gmail.com', '+82-678-7830-4677', 'M10000683', 1965-11-05, 'South Korea', NULL, 2025-08-28 14:52:03),
(700, 'Kathy', 'Grimes', 'kathy.grimes684@gmail.com', '+1-908-6935-3899', 'CA10000684', 1996-08-09, 'Canada', NULL, 2025-08-28 14:52:03),
(701, 'Michael', 'Rodriguez', 'michael.rodriguez685@gmail.com', '+81-667-4419-6860', 'TZ10000685', 1987-02-19, 'Japan', NULL, 2025-08-28 14:52:03),
(702, 'Julie', 'Wheeler', 'julie.wheeler686@yahoo.com', '+1-630-1873-9458', 'CA10000686', 1968-08-27, 'Canada', NULL, 2025-08-28 14:52:03),
(703, 'Derek', 'Greene', 'derek.greene687@hotmail.com', '+82-106-6367-4504', 'M10000687', 1991-04-07, 'South Korea', NULL, 2025-08-28 14:52:03),
(704, 'David', 'Schmidt', 'david.schmidt688@naver.com', '+82-313-8809-7308', 'M10000688', 1994-06-01, 'South Korea', NULL, 2025-08-28 14:52:03),
(705, 'Jacqueline', 'Fisher', 'jacqueline.fisher689@hotmail.com', '+82-764-2100-9701', 'M10000689', 1973-01-19, 'South Korea', NULL, 2025-08-28 14:52:03),
(706, 'Suzanne', 'Young', 'suzanne.young690@gmail.com', '+82-607-7141-9920', 'M10000690', 1988-09-14, 'South Korea', NULL, 2025-08-28 14:52:03),
(707, 'Cristian', 'Haynes', 'cristian.haynes691@gmail.com', '+82-391-1131-2634', 'M10000691', 1981-03-23, 'South Korea', NULL, 2025-08-28 14:52:03),
(708, 'Karen', 'Smith', 'karen.smith692@yahoo.com', '+86-820-4847-4204', 'G10000692', 1974-02-20, 'China', NULL, 2025-08-28 14:52:03),
(709, 'Stacey', 'Gordon', 'stacey.gordon693@yahoo.com', '+82-160-8977-3413', 'M10000693', 1982-08-17, 'South Korea', NULL, 2025-08-28 14:52:03),
(710, 'Jacob', 'Martinez', 'jacob.martinez694@naver.com', '+82-525-3783-3728', 'M10000694', 1985-04-07, 'South Korea', NULL, 2025-08-28 14:52:03),
(711, 'Leslie', 'Riley', 'leslie.riley695@hotmail.com', '+33-812-6989-4105', 'FR10000695', 1989-01-10, 'France', NULL, 2025-08-28 14:52:03),
(712, 'Johnathan', 'Thomas', 'johnathan.thomas696@gmail.com', '+81-170-5819-3649', 'TZ10000696', 1997-11-04, 'Japan', NULL, 2025-08-28 14:52:03),
(713, 'Rebecca', 'Terry', 'rebecca.terry697@hotmail.com', '+33-227-7818-6134', 'FR10000697', 1975-01-16, 'France', NULL, 2025-08-28 14:52:03),
(714, 'Thomas', 'Vasquez', 'thomas.vasquez698@hotmail.com', '+1-175-4170-7499', 'CA10000698', 1976-03-10, 'Canada', NULL, 2025-08-28 14:52:03),
(715, 'Kathleen', 'Hernandez', 'kathleen.hernandez699@naver.com', '+49-452-4405-4627', 'C10000699', 1979-02-13, 'Germany', NULL, 2025-08-28 14:52:03),
(716, 'Donald', 'Crawford', 'donald.crawford700@yahoo.com', '+82-803-5986-1489', 'M10000700', 1975-08-09, 'South Korea', NULL, 2025-08-28 14:52:03),
(717, 'Jessica', 'Jones', 'jessica.jones701@hotmail.com', '+81-197-7695-5599', 'TZ10000701', 1993-04-02, 'Japan', NULL, 2025-08-28 14:52:03),
(718, 'Brent', 'Hernandez', 'brent.hernandez702@yahoo.com', '+1-236-2263-5237', 'US10000702', 1981-12-04, 'USA', NULL, 2025-08-28 14:52:03),
(719, 'Kimberly', 'Thomas', 'kimberly.thomas703@yahoo.com', '+1-876-2117-6970', 'US10000703', 1986-11-04, 'USA', NULL, 2025-08-28 14:52:03),
(720, 'Emily', 'Gallegos', 'emily.gallegos704@yahoo.com', '+82-244-4806-2482', 'M10000704', 1986-03-11, 'South Korea', NULL, 2025-08-28 14:52:03),
(721, 'Alexis', 'Nguyen', 'alexis.nguyen705@gmail.com', '+1-233-3517-4326', 'US10000705', 1996-03-26, 'USA', NULL, 2025-08-28 14:52:03),
(722, 'Holly', 'Cardenas', 'holly.cardenas706@hotmail.com', '+86-740-1792-2956', 'G10000706', 2001-10-23, 'China', NULL, 2025-08-28 14:52:03),
(723, 'Todd', 'Higgins', 'todd.higgins707@yahoo.com', '+82-622-5764-2393', 'M10000707', 1997-10-20, 'South Korea', NULL, 2025-08-28 14:52:03),
(724, 'Rebecca', 'Fowler', 'rebecca.fowler708@hotmail.com', '+1-590-4221-3243', 'US10000708', 1990-02-04, 'USA', NULL, 2025-08-28 14:52:03),
(725, 'Linda', 'Fletcher', 'linda.fletcher709@yahoo.com', '+81-628-5421-6188', 'TZ10000709', 1985-11-16, 'Japan', NULL, 2025-08-28 14:52:03),
(726, 'Michael', 'Hensley', 'michael.hensley710@yahoo.com', '+82-728-3010-3939', 'M10000710', 1996-01-04, 'South Korea', NULL, 2025-08-28 14:52:03),
(727, 'Nancy', 'Dickerson', 'nancy.dickerson711@gmail.com', '+1-946-3443-9677', 'US10000711', 1969-05-15, 'USA', NULL, 2025-08-28 14:52:03),
(728, 'Elizabeth', 'Black', 'elizabeth.black712@gmail.com', '+82-535-8571-5987', 'M10000712', 1975-03-06, 'South Korea', NULL, 2025-08-28 14:52:03),
(729, 'Christina', 'Graham', 'christina.graham713@yahoo.com', '+1-749-9118-4200', 'US10000713', 1969-06-05, 'USA', NULL, 2025-08-28 14:52:03),
(730, 'April', 'Hodges', 'april.hodges714@yahoo.com', '+82-418-8004-5964', 'M10000714', 1956-01-04, 'South Korea', NULL, 2025-08-28 14:52:03),
(731, 'Connie', 'Ochoa', 'connie.ochoa715@gmail.com', '+81-262-2100-2606', 'TZ10000715', 2003-12-15, 'Japan', NULL, 2025-08-28 14:52:03),
(732, 'Kristine', 'Santiago', 'kristine.santiago716@hotmail.com', '+1-508-7081-3105', 'US10000716', 2004-03-09, 'USA', NULL, 2025-08-28 14:52:03),
(733, 'Jodi', 'Sims', 'jodi.sims717@naver.com', '+82-137-8881-3107', 'M10000717', 1969-05-16, 'South Korea', NULL, 2025-08-28 14:52:03),
(734, 'Kayla', 'Smith', 'kayla.smith718@gmail.com', '+33-141-8544-3551', 'FR10000718', 2000-12-18, 'France', NULL, 2025-08-28 14:52:03),
(735, 'Timothy', 'Johnson', 'timothy.johnson719@gmail.com', '+86-105-9615-2136', 'G10000719', 1994-01-08, 'China', NULL, 2025-08-28 14:52:03),
(736, 'Ian', 'Guzman', 'ian.guzman720@yahoo.com', '+49-142-2620-8698', 'C10000720', 1954-06-13, 'Germany', NULL, 2025-08-28 14:52:03),
(737, 'Katherine', 'Jordan', 'katherine.jordan721@naver.com', '+86-523-8049-1373', 'G10000721', 1985-11-12, 'China', NULL, 2025-08-28 14:52:03),
(738, 'Danielle', 'Cook', 'danielle.cook722@yahoo.com', '+81-183-1063-5932', 'TZ10000722', 1994-04-03, 'Japan', NULL, 2025-08-28 14:52:03),
(739, 'Ashley', 'Lewis', 'ashley.lewis723@naver.com', '+82-600-9616-7999', 'M10000723', 1995-02-20, 'South Korea', NULL, 2025-08-28 14:52:03),
(740, 'Robert', 'Dixon', 'robert.dixon724@yahoo.com', '+61-617-3742-6384', 'PA10000724', 1974-12-10, 'Australia', NULL, 2025-08-28 14:52:03),
(741, 'William', 'Campbell', 'william.campbell725@hotmail.com', '+82-628-7274-9538', 'M10000725', 1998-07-02, 'South Korea', NULL, 2025-08-28 14:52:03),
(742, 'Tyler', 'Wheeler', 'tyler.wheeler726@gmail.com', '+1-858-5238-9470', 'US10000726', 1984-10-02, 'USA', NULL, 2025-08-28 14:52:03),
(743, 'Anne', 'Walker', 'anne.walker727@naver.com', '+82-587-5452-4364', 'M10000727', 2002-11-02, 'South Korea', NULL, 2025-08-28 14:52:03),
(744, 'Elizabeth', 'Mack', 'elizabeth.mack728@gmail.com', '+81-593-7076-1338', 'TZ10000728', 1994-03-03, 'Japan', NULL, 2025-08-28 14:52:03),
(745, 'Julia', 'Fuller', 'julia.fuller729@yahoo.com', '+1-603-8874-5689', 'US10000729', 1966-07-15, 'USA', NULL, 2025-08-28 14:52:03),
(746, 'Jeffery', 'Hicks', 'jeffery.hicks730@gmail.com', '+1-685-6933-3355', 'US10000730', 1995-11-24, 'USA', NULL, 2025-08-28 14:52:03),
(747, 'Johnathan', 'Mays', 'johnathan.mays731@yahoo.com', '+82-417-7091-1555', 'M10000731', 1983-01-18, 'South Korea', NULL, 2025-08-28 14:52:03),
(748, 'Samuel', 'Horn', 'samuel.horn732@naver.com', '+81-791-6681-1818', 'TZ10000732', 1998-04-02, 'Japan', NULL, 2025-08-28 14:52:03),
(749, 'Amy', 'Roberts', 'amy.roberts733@naver.com', '+82-526-1831-4863', 'M10000733', 1965-04-26, 'South Korea', NULL, 2025-08-28 14:52:03),
(750, 'Earl', 'Oneill', 'earl.oneill734@yahoo.com', '+81-193-4498-8677', 'TZ10000734', 1967-06-23, 'Japan', NULL, 2025-08-28 14:52:03),
(751, 'Charles', 'Clark', 'charles.clark735@gmail.com', '+82-940-6340-3373', 'M10000735', 1991-06-07, 'South Korea', NULL, 2025-08-28 14:52:03),
(752, 'Elizabeth', 'Mata', 'elizabeth.mata736@gmail.com', '+49-618-5576-7419', 'C10000736', 1967-04-17, 'Germany', NULL, 2025-08-28 14:52:03),
(753, 'Shawn', 'Kerr', 'shawn.kerr737@gmail.com', '+86-385-2127-3133', 'G10000737', 1989-03-18, 'China', NULL, 2025-08-28 14:52:03),
(754, 'Shannon', 'Wong', 'shannon.wong738@yahoo.com', '+1-811-9683-7895', 'US10000738', 1977-08-20, 'USA', NULL, 2025-08-28 14:52:03),
(755, 'Steven', 'Garcia', 'steven.garcia739@gmail.com', '+81-522-4547-2841', 'TZ10000739', 1995-05-24, 'Japan', NULL, 2025-08-28 14:52:03),
(756, 'Brian', 'White', 'brian.white740@hotmail.com', '+1-504-8289-1462', 'US10000740', 1985-03-18, 'USA', NULL, 2025-08-28 14:52:03),
(757, 'Brandi', 'Joyce', 'brandi.joyce741@gmail.com', '+49-401-9615-4403', 'C10000741', 2000-10-12, 'Germany', NULL, 2025-08-28 14:52:03),
(758, 'Daniel', 'Smith', 'daniel.smith742@hotmail.com', '+82-243-7739-1642', 'M10000742', 1974-12-19, 'South Korea', NULL, 2025-08-28 14:52:03),
(759, 'Rebecca', 'Clark', 'rebecca.clark743@naver.com', '+1-660-1249-7134', 'US10000743', 1978-06-20, 'USA', NULL, 2025-08-28 14:52:03),
(760, 'Lisa', 'Sanders', 'lisa.sanders744@yahoo.com', '+49-437-5457-1575', 'C10000744', 1980-08-07, 'Germany', NULL, 2025-08-28 14:52:03),
(761, 'Brent', 'Dennis', 'brent.dennis745@hotmail.com', '+1-687-3523-9271', 'US10000745', 1985-12-02, 'USA', NULL, 2025-08-28 14:52:03),
(762, 'Fiona', 'Quinn', 'fiona.quinn746@hotmail.com', '+44-658-2947-7436', 'UK10000746', 1988-10-14, 'UK', NULL, 2025-08-28 14:52:03),
(763, 'Andrew', 'White', 'andrew.white747@gmail.com', '+82-910-4590-3405', 'M10000747', 1986-10-26, 'South Korea', NULL, 2025-08-28 14:52:03),
(764, 'Tamara', 'Allison', 'tamara.allison748@yahoo.com', '+81-809-9704-9234', 'TZ10000748', 2000-04-21, 'Japan', NULL, 2025-08-28 14:52:03),
(765, 'Shelly', 'Carter', 'shelly.carter749@yahoo.com', '+61-370-8666-3010', 'PA10000749', 1997-12-18, 'Australia', NULL, 2025-08-28 14:52:03),
(766, 'Nathan', 'Bautista', 'nathan.bautista750@hotmail.com', '+82-490-1021-7429', 'M10000750', 1968-10-23, 'South Korea', NULL, 2025-08-28 14:52:03),
(767, 'Robert', 'Ibarra', 'robert.ibarra751@hotmail.com', '+82-875-5396-5743', 'M10000751', 1971-11-13, 'South Korea', NULL, 2025-08-28 14:52:03),
(768, 'Donald', 'Smith', 'donald.smith752@hotmail.com', '+81-457-3105-1077', 'TZ10000752', 1990-11-10, 'Japan', NULL, 2025-08-28 14:52:03),
(769, 'John', 'Garrison', 'john.garrison753@gmail.com', '+81-723-5930-5941', 'TZ10000753', 1994-12-08, 'Japan', NULL, 2025-08-28 14:52:03),
(770, 'Tracey', 'Bradley', 'tracey.bradley754@hotmail.com', '+82-403-9178-3397', 'M10000754', 1972-01-04, 'South Korea', NULL, 2025-08-28 14:52:03),
(771, 'Jodie', 'Ellis', 'jodie.ellis755@yahoo.com', '+44-396-5839-2136', 'UK10000755', 1975-09-06, 'UK', NULL, 2025-08-28 14:52:03),
(772, 'Patrick', 'Roberts', 'patrick.roberts756@naver.com', '+81-908-2406-7343', 'TZ10000756', 2004-03-22, 'Japan', NULL, 2025-08-28 14:52:03),
(773, 'Betty', 'Gilbert', 'betty.gilbert757@naver.com', '+86-258-5690-1600', 'G10000757', 1969-05-19, 'China', NULL, 2025-08-28 14:52:03),
(774, 'Kim', 'Patterson', 'kim.patterson758@hotmail.com', '+1-486-7106-7940', 'US10000758', 1954-03-08, 'USA', NULL, 2025-08-28 14:52:03),
(775, 'Desiree', 'Crawford', 'desiree.crawford759@naver.com', '+81-705-8408-2897', 'TZ10000759', 1984-06-13, 'Japan', NULL, 2025-08-28 14:52:03),
(776, 'Joseph', 'Young', 'joseph.young760@gmail.com', '+81-571-1881-4113', 'TZ10000760', 1998-08-12, 'Japan', NULL, 2025-08-28 14:52:03),
(777, 'Christina', 'Dorsey', 'christina.dorsey761@gmail.com', '+86-431-4761-3147', 'G10000761', 1976-11-16, 'China', NULL, 2025-08-28 14:52:03),
(778, 'Andrea', 'Mitchell', 'andrea.mitchell762@hotmail.com', '+82-346-4445-2161', 'M10000762', 1987-01-04, 'South Korea', NULL, 2025-08-28 14:52:03),
(779, 'Amelia', 'Kennedy', 'amelia.kennedy763@yahoo.com', '+44-154-7458-8356', 'UK10000763', 1994-10-25, 'UK', NULL, 2025-08-28 14:52:03),
(780, 'Logan', 'Chavez', 'logan.chavez764@hotmail.com', '+81-739-6166-6967', 'TZ10000764', 1968-08-08, 'Japan', NULL, 2025-08-28 14:52:03),
(781, 'Jeffrey', 'Bishop', 'jeffrey.bishop765@gmail.com', '+1-362-3684-3942', 'US10000765', 1962-09-23, 'USA', NULL, 2025-08-28 14:52:03),
(782, 'Paul', 'Chan', 'paul.chan766@hotmail.com', '+1-251-5005-7755', 'US10000766', 2000-12-24, 'USA', NULL, 2025-08-28 14:52:03),
(783, 'Lisa', 'Myers', 'lisa.myers767@naver.com', '+86-624-3590-5635', 'G10000767', 1975-12-10, 'China', NULL, 2025-08-28 14:52:03),
(784, 'Chloe', 'Evans', 'chloe.evans768@hotmail.com', '+44-156-7634-4852', 'UK10000768', 1992-08-19, 'UK', NULL, 2025-08-28 14:52:03),
(785, 'Peter', 'Miller', 'peter.miller769@yahoo.com', '+1-602-2065-4019', 'US10000769', 1987-07-20, 'USA', NULL, 2025-08-28 14:52:03),
(786, 'Jonathan', 'Lopez', 'jonathan.lopez770@hotmail.com', '+82-991-3555-4039', 'M10000770', 1959-02-27, 'South Korea', NULL, 2025-08-28 14:52:03),
(787, 'Andrew', 'Martin', 'andrew.martin771@yahoo.com', '+82-626-4903-1274', 'M10000771', 1998-03-10, 'South Korea', NULL, 2025-08-28 14:52:03),
(788, 'Thomas', 'Johnson', 'thomas.johnson772@naver.com', '+82-390-5684-8072', 'M10000772', 1988-11-08, 'South Korea', NULL, 2025-08-28 14:52:03),
(789, 'Debra', 'Doyle', 'debra.doyle773@yahoo.com', '+44-384-3526-7525', 'UK10000773', 1987-10-26, 'UK', NULL, 2025-08-28 14:52:03),
(790, 'Paul', 'Rodriguez', 'paul.rodriguez774@hotmail.com', '+1-804-8214-4812', 'US10000774', 1985-11-22, 'USA', NULL, 2025-08-28 14:52:03),
(791, 'Kathleen', 'Carter', 'kathleen.carter775@naver.com', '+1-484-8523-9184', 'US10000775', 1997-05-04, 'USA', NULL, 2025-08-28 14:52:03),
(792, 'Rebecca', 'Foster', 'rebecca.foster776@naver.com', '+61-709-6764-6659', 'PA10000776', 1978-04-06, 'Australia', NULL, 2025-08-28 14:52:03),
(793, 'Lindsay', 'Thornton', 'lindsay.thornton777@yahoo.com', '+1-927-4045-3292', 'US10000777', 1995-07-02, 'USA', NULL, 2025-08-28 14:52:03),
(794, 'Martin', 'Lynch', 'martin.lynch778@naver.com', '+82-198-9577-4856', 'M10000778', 1991-01-13, 'South Korea', NULL, 2025-08-28 14:52:03),
(795, 'Thomas', 'Stout', 'thomas.stout779@hotmail.com', '+82-571-3645-8392', 'M10000779', 2000-02-28, 'South Korea', NULL, 2025-08-28 14:52:03),
(796, 'Megan', 'Rice', 'megan.rice780@hotmail.com', '+49-449-5293-9368', 'C10000780', 1999-07-21, 'Germany', NULL, 2025-08-28 14:52:03),
(797, 'Christopher', 'Wolf', 'christopher.wolf781@naver.com', '+82-552-5193-9300', 'M10000781', 1996-07-01, 'South Korea', NULL, 2025-08-28 14:52:03),
(798, 'Bethan', 'Wilson', 'bethan.wilson782@naver.com', '+44-562-6779-4902', 'UK10000782', 1984-06-16, 'UK', NULL, 2025-08-28 14:52:03),
(799, 'Jocelyn', 'Riggs', 'jocelyn.riggs783@naver.com', '+1-202-1558-4466', 'CA10000783', 1992-08-11, 'Canada', NULL, 2025-08-28 14:52:03),
(800, 'Jacqueline', 'Carlson', 'jacqueline.carlson784@gmail.com', '+82-962-3586-9460', 'M10000784', 1994-05-14, 'South Korea', NULL, 2025-08-28 14:52:03),
(801, 'Philip', 'West', 'philip.west785@yahoo.com', '+86-464-2253-5402', 'G10000785', 1995-11-28, 'China', NULL, 2025-08-28 14:52:03),
(802, 'Jennifer', 'Mcclain', 'jennifer.mcclain786@naver.com', '+1-917-4093-7283', 'US10000786', 1955-02-13, 'USA', NULL, 2025-08-28 14:52:03),
(803, 'Samuel', 'Garrett', 'samuel.garrett787@hotmail.com', '+1-974-6353-9599', 'CA10000787', 1979-12-19, 'Canada', NULL, 2025-08-28 14:52:03),
(804, 'Matthew', 'Ward', 'matthew.ward788@yahoo.com', '+1-171-1174-9508', 'US10000788', 1986-12-18, 'USA', NULL, 2025-08-28 14:52:03),
(805, 'Victoria', 'Blake', 'victoria.blake789@gmail.com', '+86-850-5677-1712', 'G10000789', 2000-11-23, 'China', NULL, 2025-08-28 14:52:03),
(806, 'James', 'Bennett', 'james.bennett790@gmail.com', '+81-180-8587-9901', 'TZ10000790', 1996-09-15, 'Japan', NULL, 2025-08-28 14:52:03),
(807, 'Tracey', 'Watson', 'tracey.watson791@naver.com', '+1-842-5778-3828', 'US10000791', 1983-11-26, 'USA', NULL, 2025-08-28 14:52:03),
(808, 'Ryan', 'Miller', 'ryan.miller792@yahoo.com', '+1-460-7382-9387', 'US10000792', 1977-09-03, 'USA', NULL, 2025-08-28 14:52:03),
(809, 'Alison', 'Montgomery', 'alison.montgomery793@naver.com', '+86-260-5355-4886', 'G10000793', 1988-02-07, 'China', NULL, 2025-08-28 14:52:03),
(810, 'Brandon', 'Schmidt', 'brandon.schmidt794@yahoo.com', '+82-100-1753-7146', 'M10000794', 2001-02-05, 'South Korea', NULL, 2025-08-28 14:52:03),
(811, 'Brittany', 'Brown', 'brittany.brown795@hotmail.com', '+82-311-7078-9089', 'M10000795', 1993-11-17, 'South Korea', NULL, 2025-08-28 14:52:03),
(812, 'Jimmy', 'Davis', 'jimmy.davis796@yahoo.com', '+82-900-5145-7214', 'M10000796', 1975-02-26, 'South Korea', NULL, 2025-08-28 14:52:03),
(813, 'Michael', 'Moreno', 'michael.moreno797@hotmail.com', '+82-798-4456-8445', 'M10000797', 1993-08-16, 'South Korea', NULL, 2025-08-28 14:52:03),
(814, 'Jason', 'Arnold', 'jason.arnold798@naver.com', '+82-459-9717-1134', 'M10000798', 1969-02-11, 'South Korea', NULL, 2025-08-28 14:52:03),
(815, 'Sarah', 'Wagner', 'sarah.wagner799@hotmail.com', '+86-590-7051-3787', 'G10000799', 1986-12-06, 'China', NULL, 2025-08-28 14:52:03),
(816, 'Katherine', 'Sanders', 'katherine.sanders800@naver.com', '+33-817-9460-8671', 'FR10000800', 1988-06-11, 'France', NULL, 2025-08-28 14:52:03),
(817, 'Raymond', 'Jackson', 'raymond.jackson801@hotmail.com', '+81-772-4818-8523', 'TZ10000801', 2003-09-04, 'Japan', NULL, 2025-08-28 14:52:03),
(818, 'Daniel', 'Miller', 'daniel.miller802@hotmail.com', '+82-680-4460-5783', 'M10000802', 1994-12-13, 'South Korea', NULL, 2025-08-28 14:52:03),
(819, 'Nicholas', 'Smith', 'nicholas.smith803@gmail.com', '+81-189-9319-9862', 'TZ10000803', 1980-10-18, 'Japan', NULL, 2025-08-28 14:52:03),
(820, 'Curtis', 'Holmes', 'curtis.holmes804@gmail.com', '+81-167-5522-4465', 'TZ10000804', 1993-05-05, 'Japan', NULL, 2025-08-28 14:52:03),
(821, 'Megan', 'Thomas', 'megan.thomas805@gmail.com', '+82-276-2730-2751', 'M10000805', 1990-07-09, 'South Korea', NULL, 2025-08-28 14:52:03),
(822, 'Paula', 'Patel', 'paula.patel806@yahoo.com', '+82-323-8712-4304', 'M10000806', 1997-03-03, 'South Korea', NULL, 2025-08-28 14:52:03),
(823, 'Katelyn', 'Parsons', 'katelyn.parsons807@gmail.com', '+82-654-8862-1692', 'M10000807', 1974-07-08, 'South Korea', NULL, 2025-08-28 14:52:03),
(824, 'Taylor', 'Oneill', 'taylor.oneill808@gmail.com', '+1-176-6720-9319', 'US10000808', 1976-01-14, 'USA', NULL, 2025-08-28 14:52:03),
(825, 'Matthew', 'Davis', 'matthew.davis809@hotmail.com', '+81-460-4403-4995', 'TZ10000809', 1998-01-04, 'Japan', NULL, 2025-08-28 14:52:03),
(826, 'Jeremy', 'Clarke', 'jeremy.clarke810@yahoo.com', '+1-396-9308-3933', 'CA10000810', 1987-11-05, 'Canada', NULL, 2025-08-28 14:52:03),
(827, 'Jared', 'Chavez', 'jared.chavez811@hotmail.com', '+82-998-9759-9885', 'M10000811', 1982-01-14, 'South Korea', NULL, 2025-08-28 14:52:03),
(828, 'Sheri', 'Garcia', 'sheri.garcia812@gmail.com', '+82-885-8161-2233', 'M10000812', 1995-01-21, 'South Korea', NULL, 2025-08-28 14:52:03),
(829, 'Zoe', 'Rowland', 'zoe.rowland813@hotmail.com', '+86-948-7349-5259', 'G10000813', 1992-09-15, 'China', NULL, 2025-08-28 14:52:03),
(830, 'Teresa', 'Morris', 'teresa.morris814@gmail.com', '+44-248-9225-1639', 'UK10000814', 1984-11-11, 'UK', NULL, 2025-08-28 14:52:03),
(831, 'Sharon', 'Ross', 'sharon.ross815@hotmail.com', '+1-104-3289-6836', 'US10000815', 2003-09-19, 'USA', NULL, 2025-08-28 14:52:03),
(832, 'William', 'Adams', 'william.adams816@gmail.com', '+82-383-4398-9553', 'M10000816', 2000-11-23, 'South Korea', NULL, 2025-08-28 14:52:03),
(833, 'Tammy', 'Payne', 'tammy.payne817@naver.com', '+82-674-7518-9159', 'M10000817', 1978-04-08, 'South Korea', NULL, 2025-08-28 14:52:03),
(834, 'Benjamin', 'Palmer', 'benjamin.palmer818@yahoo.com', '+82-131-5302-5239', 'M10000818', 1972-05-14, 'South Korea', NULL, 2025-08-28 14:52:03),
(835, 'Matthew', 'Nguyen', 'matthew.nguyen819@yahoo.com', '+1-613-7220-3671', 'CA10000819', 2001-12-15, 'Canada', NULL, 2025-08-28 14:52:03),
(836, 'Joseph', 'Reid', 'joseph.reid820@gmail.com', '+1-167-4232-2979', 'US10000820', 1971-07-07, 'USA', NULL, 2025-08-28 14:52:03),
(837, 'April', 'Wise', 'april.wise821@hotmail.com', '+81-536-7641-8544', 'TZ10000821', 1986-04-06, 'Japan', NULL, 2025-08-28 14:52:03),
(838, 'Phillip', 'Morgan', 'phillip.morgan822@gmail.com', '+82-503-1136-8506', 'M10000822', 1982-06-23, 'South Korea', NULL, 2025-08-28 14:52:03),
(839, 'Derek', 'Caldwell', 'derek.caldwell823@hotmail.com', '+49-889-1903-3128', 'C10000823', 1997-07-06, 'Germany', NULL, 2025-08-28 14:52:03),
(840, 'Jonathan', 'Gibson', 'jonathan.gibson824@gmail.com', '+49-595-9187-8245', 'C10000824', 1962-03-27, 'Germany', NULL, 2025-08-28 14:52:03),
(841, 'Michael', 'Smith', 'michael.smith825@hotmail.com', '+82-699-8584-8406', 'M10000825', 1987-10-12, 'South Korea', NULL, 2025-08-28 14:52:03),
(842, 'Donald', 'Stephenson', 'donald.stephenson826@gmail.com', '+86-600-8132-4927', 'G10000826', 1973-03-25, 'China', NULL, 2025-08-28 14:52:03),
(843, 'Benjamin', 'Moody', 'benjamin.moody827@hotmail.com', '+86-451-9138-8483', 'G10000827', 1984-11-20, 'China', NULL, 2025-08-28 14:52:03),
(844, 'Jacob', 'Woods', 'jacob.woods828@hotmail.com', '+82-949-5532-6132', 'M10000828', 2004-10-04, 'South Korea', NULL, 2025-08-28 14:52:03),
(845, 'Timothy', 'Johnson', 'timothy.johnson829@yahoo.com', '+82-723-7773-7832', 'M10000829', 1991-08-01, 'South Korea', NULL, 2025-08-28 14:52:03),
(846, 'Mark', 'Bates', 'mark.bates830@gmail.com', '+82-459-8536-8694', 'M10000830', 1999-06-07, 'South Korea', NULL, 2025-08-28 14:52:03),
(847, 'Judy', 'Ortega', 'judy.ortega831@gmail.com', '+86-515-4311-2489', 'G10000831', 1981-01-23, 'China', NULL, 2025-08-28 14:52:03),
(848, 'Cindy', 'Montes', 'cindy.montes832@hotmail.com', '+1-650-9832-8647', 'US10000832', 1959-07-06, 'USA', NULL, 2025-08-28 14:52:03),
(849, 'Rachel', 'Esparza', 'rachel.esparza833@yahoo.com', '+86-924-3151-7085', 'G10000833', 1993-04-04, 'China', NULL, 2025-08-28 14:52:03),
(850, 'Gregory', 'Barnes', 'gregory.barnes834@yahoo.com', '+1-613-2409-7729', 'US10000834', 2000-12-15, 'USA', NULL, 2025-08-28 14:52:03),
(851, 'Gina', 'Walker', 'gina.walker835@gmail.com', '+86-971-5930-5054', 'G10000835', 1989-02-18, 'China', NULL, 2025-08-28 14:52:03),
(852, 'Randy', 'Edwards', 'randy.edwards836@gmail.com', '+61-961-6534-7649', 'PA10000836', 1985-04-12, 'Australia', NULL, 2025-08-28 14:52:03),
(853, 'Cynthia', 'Cantrell', 'cynthia.cantrell837@gmail.com', '+82-957-9894-5506', 'M10000837', 1996-05-08, 'South Korea', NULL, 2025-08-28 14:52:03),
(854, 'Jennifer', 'Perez', 'jennifer.perez838@hotmail.com', '+82-529-3071-3115', 'M10000838', 1999-04-21, 'South Korea', NULL, 2025-08-28 14:52:03),
(855, 'Danny', 'Gaines', 'danny.gaines839@hotmail.com', '+1-193-1858-5446', 'US10000839', 1993-06-05, 'USA', NULL, 2025-08-28 14:52:03),
(856, 'Jeremy', 'Brown', 'jeremy.brown840@naver.com', '+86-816-1928-9491', 'G10000840', 1955-12-21, 'China', NULL, 2025-08-28 14:52:03),
(857, 'Christopher', 'Conner', 'christopher.conner841@hotmail.com', '+1-265-9563-2746', 'US10000841', 1967-03-03, 'USA', NULL, 2025-08-28 14:52:03),
(858, 'Benjamin', 'Rodgers', 'benjamin.rodgers842@naver.com', '+81-145-4556-1597', 'TZ10000842', 1985-02-17, 'Japan', NULL, 2025-08-28 14:52:03),
(859, 'Denise', 'Wilcox', 'denise.wilcox843@naver.com', '+49-952-3568-5076', 'C10000843', 1984-08-12, 'Germany', NULL, 2025-08-28 14:52:03),
(860, 'Stephen', 'Irwin', 'stephen.irwin844@naver.com', '+82-427-9372-9335', 'M10000844', 1989-07-03, 'South Korea', NULL, 2025-08-28 14:52:03),
(861, 'Kevin', 'Jones', 'kevin.jones845@hotmail.com', '+49-840-9908-6621', 'C10000845', 1988-01-25, 'Germany', NULL, 2025-08-28 14:52:03),
(862, 'Kayla', 'Eaton', 'kayla.eaton846@gmail.com', '+86-629-7146-3172', 'G10000846', 2003-09-08, 'China', NULL, 2025-08-28 14:52:03),
(863, 'Brittany', 'Norris', 'brittany.norris847@naver.com', '+82-366-2504-1367', 'M10000847', 1988-11-18, 'South Korea', NULL, 2025-08-28 14:52:03),
(864, 'Mason', 'Graves', 'mason.graves848@gmail.com', '+49-986-5000-5804', 'C10000848', 1982-10-12, 'Germany', NULL, 2025-08-28 14:52:03),
(865, 'Charlotte', 'Stone', 'charlotte.stone849@naver.com', '+82-104-2641-4518', 'M10000849', 1989-12-05, 'South Korea', NULL, 2025-08-28 14:52:03),
(866, 'Christina', 'Coleman', 'christina.coleman850@gmail.com', '+1-919-1963-1296', 'US10000850', 1997-04-22, 'USA', NULL, 2025-08-28 14:52:03),
(867, 'Steven', 'Jarvis', 'steven.jarvis851@gmail.com', '+33-349-2791-9689', 'FR10000851', 1979-05-24, 'France', NULL, 2025-08-28 14:52:03),
(868, 'Darrell', 'Rivera', 'darrell.rivera852@yahoo.com', '+86-906-3281-6506', 'G10000852', 1997-07-15, 'China', NULL, 2025-08-28 14:52:03),
(869, 'Amanda', 'Hall', 'amanda.hall853@naver.com', '+86-188-6870-2991', 'G10000853', 2004-04-09, 'China', NULL, 2025-08-28 14:52:03),
(870, 'Barbara', 'Ruiz', 'barbara.ruiz854@naver.com', '+81-368-4847-3153', 'TZ10000854', 2001-09-22, 'Japan', NULL, 2025-08-28 14:52:03),
(871, 'Melissa', 'Miller', 'melissa.miller855@hotmail.com', '+82-337-8555-2389', 'M10000855', 1999-10-28, 'South Korea', NULL, 2025-08-28 14:52:03),
(872, 'Shane', 'Moore', 'shane.moore856@yahoo.com', '+86-484-7379-4352', 'G10000856', 1996-02-23, 'China', NULL, 2025-08-28 14:52:03),
(873, 'Lynne', 'Turner', 'lynne.turner857@naver.com', '+44-447-3716-8101', 'UK10000857', 2003-01-05, 'UK', NULL, 2025-08-28 14:52:03),
(874, 'Lisa', 'Best', 'lisa.best858@yahoo.com', '+82-577-7266-8224', 'M10000858', 1984-02-14, 'South Korea', NULL, 2025-08-28 14:52:03),
(875, 'Alyssa', 'Murphy', 'alyssa.murphy859@hotmail.com', '+33-615-6766-4993', 'FR10000859', 2000-09-11, 'France', NULL, 2025-08-28 14:52:03),
(876, 'Jake', 'Davies', 'jake.davies860@hotmail.com', '+44-754-2433-3324', 'UK10000860', 1997-07-14, 'UK', NULL, 2025-08-28 14:52:03),
(877, 'John', 'Le', 'john.le861@gmail.com', '+82-917-3708-8715', 'M10000861', 2001-06-12, 'South Korea', NULL, 2025-08-28 14:52:03),
(878, 'Douglas', 'Jenkins', 'douglas.jenkins862@hotmail.com', '+44-338-1713-3928', 'UK10000862', 2004-11-13, 'UK', NULL, 2025-08-28 14:52:03),
(879, 'Joshua', 'Brown', 'joshua.brown863@yahoo.com', '+1-229-8911-8763', 'US10000863', 1978-08-18, 'USA', NULL, 2025-08-28 14:52:03),
(880, 'Jared', 'Brown', 'jared.brown864@naver.com', '+82-341-2912-3511', 'M10000864', 1972-07-28, 'South Korea', NULL, 2025-08-28 14:52:03),
(881, 'Alison', 'O''Connor', 'alison.o''connor865@hotmail.com', '+44-763-7321-5148', 'UK10000865', 1989-04-09, 'UK', NULL, 2025-08-28 14:52:03),
(882, 'John', 'Jacobson', 'john.jacobson866@yahoo.com', '+82-207-1106-2344', 'M10000866', 1998-06-17, 'South Korea', NULL, 2025-08-28 14:52:03),
(883, 'Jenna', 'Hale', 'jenna.hale867@hotmail.com', '+44-129-2767-5682', 'UK10000867', 1988-04-20, 'UK', NULL, 2025-08-28 14:52:03),
(884, 'Abigail', 'Scott', 'abigail.scott868@naver.com', '+1-311-5074-4431', 'US10000868', 1987-10-28, 'USA', NULL, 2025-08-28 14:52:03),
(885, 'Matthew', 'Mckinney', 'matthew.mckinney869@naver.com', '+49-326-2318-5631', 'C10000869', 1987-01-23, 'Germany', NULL, 2025-08-28 14:52:03),
(886, 'Elizabeth', 'Holmes', 'elizabeth.holmes870@naver.com', '+82-522-8455-8218', 'M10000870', 1984-08-07, 'South Korea', NULL, 2025-08-28 14:52:03),
(887, 'Christopher', 'Allen', 'christopher.allen871@gmail.com', '+86-871-8792-8835', 'G10000871', 1999-11-13, 'China', NULL, 2025-08-28 14:52:03),
(888, 'Matthew', 'Hernandez', 'matthew.hernandez872@naver.com', '+82-595-6791-2282', 'M10000872', 2000-12-07, 'South Korea', NULL, 2025-08-28 14:52:03),
(889, 'Wanda', 'Barr', 'wanda.barr873@gmail.com', '+81-325-5446-8457', 'TZ10000873', 1976-10-16, 'Japan', NULL, 2025-08-28 14:52:03),
(890, 'Michelle', 'Barker', 'michelle.barker874@yahoo.com', '+1-928-5275-6336', 'CA10000874', 1983-07-15, 'Canada', NULL, 2025-08-28 14:52:03),
(891, 'Amber', 'Perry', 'amber.perry875@yahoo.com', '+49-451-8040-8028', 'C10000875', 1997-09-13, 'Germany', NULL, 2025-08-28 14:52:03),
(892, 'Evan', 'Bullock', 'evan.bullock876@gmail.com', '+81-468-9406-4189', 'TZ10000876', 1997-09-08, 'Japan', NULL, 2025-08-28 14:52:03),
(893, 'Steven', 'Garcia', 'steven.garcia877@gmail.com', '+1-980-6505-3971', 'US10000877', 1996-06-02, 'USA', NULL, 2025-08-28 14:52:03),
(894, 'Robert', 'Hoover', 'robert.hoover878@gmail.com', '+82-375-6234-8263', 'M10000878', 1985-07-15, 'South Korea', NULL, 2025-08-28 14:52:03),
(895, 'Jim', 'Clark', 'jim.clark879@yahoo.com', '+49-325-5574-2972', 'C10000879', 2000-04-20, 'Germany', NULL, 2025-08-28 14:52:03),
(896, 'Ronald', 'Meyers', 'ronald.meyers880@yahoo.com', '+1-291-3061-7707', 'US10000880', 1987-03-01, 'USA', NULL, 2025-08-28 14:52:03),
(897, 'Cody', 'Walker', 'cody.walker881@naver.com', '+82-538-8757-8195', 'M10000881', 1984-09-13, 'South Korea', NULL, 2025-08-28 14:52:03),
(898, 'Kendra', 'Guerrero', 'kendra.guerrero882@hotmail.com', '+1-947-6620-4088', 'CA10000882', 1988-11-22, 'Canada', NULL, 2025-08-28 14:52:03),
(899, 'Christina', 'Johnson', 'christina.johnson883@gmail.com', '+82-729-5820-8141', 'M10000883', 1955-01-09, 'South Korea', NULL, 2025-08-28 14:52:03),
(900, 'Gary', 'Clark', 'gary.clark884@naver.com', '+86-684-7431-7014', 'G10000884', 2002-06-14, 'China', NULL, 2025-08-28 14:52:03),
(901, 'David', 'Ellis', 'david.ellis885@hotmail.com', '+86-976-8353-8864', 'G10000885', 1994-11-24, 'China', NULL, 2025-08-28 14:52:03),
(902, 'Alexander', 'Riley', 'alexander.riley886@hotmail.com', '+1-854-7878-2129', 'US10000886', 2001-07-24, 'USA', NULL, 2025-08-28 14:52:03),
(903, 'Mark', 'Shaw', 'mark.shaw887@naver.com', '+82-648-3373-3180', 'M10000887', 1994-02-23, 'South Korea', NULL, 2025-08-28 14:52:03),
(904, 'Becky', 'Burke', 'becky.burke888@hotmail.com', '+1-231-9243-9816', 'US10000888', 1999-08-23, 'USA', NULL, 2025-08-28 14:52:03),
(905, 'Amanda', 'Kennedy', 'amanda.kennedy889@yahoo.com', '+86-199-9330-6476', 'G10000889', 1965-03-13, 'China', NULL, 2025-08-28 14:52:03),
(906, 'Joseph', 'Cannon', 'joseph.cannon890@yahoo.com', '+81-112-2393-3624', 'TZ10000890', 1977-01-11, 'Japan', NULL, 2025-08-28 14:52:03),
(907, 'Andre', 'Horn', 'andre.horn891@hotmail.com', '+81-910-6113-7353', 'TZ10000891', 1997-03-19, 'Japan', NULL, 2025-08-28 14:52:03),
(908, 'Anita', 'Howard', 'anita.howard892@gmail.com', '+1-513-6519-2715', 'US10000892', 1977-01-28, 'USA', NULL, 2025-08-28 14:52:03),
(909, 'Patrick', 'Robertson', 'patrick.robertson893@yahoo.com', '+82-447-2351-7515', 'M10000893', 1962-07-27, 'South Korea', NULL, 2025-08-28 14:52:03),
(910, 'Jason', 'Fisher', 'jason.fisher894@yahoo.com', '+44-952-6789-6500', 'UK10000894', 1982-12-20, 'UK', NULL, 2025-08-28 14:52:03),
(911, 'Robert', 'Miller', 'robert.miller895@hotmail.com', '+81-579-8523-4177', 'TZ10000895', 1974-09-25, 'Japan', NULL, 2025-08-28 14:52:03),
(912, 'Robert', 'Green', 'robert.green896@naver.com', '+82-289-1003-5884', 'M10000896', 1995-03-20, 'South Korea', NULL, 2025-08-28 14:52:03),
(913, 'James', 'Bradford', 'james.bradford897@hotmail.com', '+1-451-5548-3945', 'US10000897', 1980-06-11, 'USA', NULL, 2025-08-28 14:52:03),
(914, 'Timothy', 'Morgan', 'timothy.morgan898@hotmail.com', '+1-330-8561-9476', 'CA10000898', 1989-09-28, 'Canada', NULL, 2025-08-28 14:52:03),
(915, 'Douglas', 'Zamora', 'douglas.zamora899@yahoo.com', '+49-930-1001-8913', 'C10000899', 1995-04-09, 'Germany', NULL, 2025-08-28 14:52:03),
(916, 'Laura', 'Wade', 'laura.wade900@naver.com', '+82-152-8731-7593', 'M10000900', 1988-03-02, 'South Korea', NULL, 2025-08-28 14:52:03),
(917, 'Johnathan', 'Steele', 'johnathan.steele901@hotmail.com', '+86-909-6137-4270', 'G10000901', 1993-10-11, 'China', NULL, 2025-08-28 14:52:03),
(918, 'Melissa', 'Garcia', 'melissa.garcia902@gmail.com', '+1-540-3212-6933', 'US10000902', 2002-10-27, 'USA', NULL, 2025-08-28 14:52:03),
(919, 'Valerie', 'Simpson', 'valerie.simpson903@hotmail.com', '+86-417-1689-7555', 'G10000903', 1994-10-11, 'China', NULL, 2025-08-28 14:52:03),
(920, 'Mary', 'Lucas', 'mary.lucas904@gmail.com', '+81-551-1185-4471', 'TZ10000904', 1993-10-08, 'Japan', NULL, 2025-08-28 14:52:03),
(921, 'Christopher', 'Roberson', 'christopher.roberson905@hotmail.com', '+1-918-7346-8914', 'CA10000905', 2002-08-24, 'Canada', NULL, 2025-08-28 14:52:03),
(922, 'Jacob', 'Miller', 'jacob.miller906@yahoo.com', '+82-300-3923-6615', 'M10000906', 1984-06-26, 'South Korea', NULL, 2025-08-28 14:52:03),
(923, 'Rachel', 'Decker', 'rachel.decker907@hotmail.com', '+81-715-6424-8608', 'TZ10000907', 1991-05-07, 'Japan', NULL, 2025-08-28 14:52:03),
(924, 'Roger', 'Maxwell', 'roger.maxwell908@gmail.com', '+82-375-2094-4539', 'M10000908', 1984-01-18, 'South Korea', NULL, 2025-08-28 14:52:03),
(925, 'Amber', 'Jackson', 'amber.jackson909@hotmail.com', '+1-561-7806-4978', 'US10000909', 1988-02-22, 'USA', NULL, 2025-08-28 14:52:03),
(926, 'Ryan', 'May', 'ryan.may910@naver.com', '+1-514-4078-1223', 'US10000910', 1987-04-07, 'USA', NULL, 2025-08-28 14:52:03),
(927, 'Gary', 'Johnson', 'gary.johnson911@naver.com', '+82-251-3254-7334', 'M10000911', 1997-04-13, 'South Korea', NULL, 2025-08-28 14:52:03),
(928, 'Tanya', 'Nichols', 'tanya.nichols912@naver.com', '+86-989-4792-9602', 'G10000912', 1975-05-16, 'China', NULL, 2025-08-28 14:52:03),
(929, 'Adrienne', 'Reilly', 'adrienne.reilly913@naver.com', '+49-680-1950-3666', 'C10000913', 2000-05-14, 'Germany', NULL, 2025-08-28 14:52:03),
(930, 'Kyle', 'White', 'kyle.white914@naver.com', '+82-465-5327-8479', 'M10000914', 1995-08-02, 'South Korea', NULL, 2025-08-28 14:52:03),
(931, 'Katherine', 'Fraser', 'katherine.fraser915@gmail.com', '+44-164-9420-6437', 'UK10000915', 1991-03-25, 'UK', NULL, 2025-08-28 14:52:03),
(932, 'Willie', 'Robinson', 'willie.robinson916@naver.com', '+81-679-8890-3190', 'TZ10000916', 1982-10-07, 'Japan', NULL, 2025-08-28 14:52:03),
(933, 'Carolyn', 'Goddard', 'carolyn.goddard917@naver.com', '+44-131-9794-7091', 'UK10000917', 2004-01-06, 'UK', NULL, 2025-08-28 14:52:03),
(934, 'Morgan', 'Ramirez', 'morgan.ramirez918@hotmail.com', '+86-583-7790-5657', 'G10000918', 1994-12-07, 'China', NULL, 2025-08-28 14:52:03),
(935, 'Steven', 'Jenkins', 'steven.jenkins919@gmail.com', '+82-624-2790-9929', 'M10000919', 2004-11-03, 'South Korea', NULL, 2025-08-28 14:52:03),
(936, 'Dawn', 'Evans', 'dawn.evans920@yahoo.com', '+33-638-5061-3538', 'FR10000920', 1980-06-12, 'France', NULL, 2025-08-28 14:52:03),
(937, 'George', 'Cervantes', 'george.cervantes921@yahoo.com', '+82-975-4099-5235', 'M10000921', 1996-11-12, 'South Korea', NULL, 2025-08-28 14:52:03),
(938, 'Jamie', 'Rogers', 'jamie.rogers922@yahoo.com', '+81-660-1994-7394', 'TZ10000922', 1991-08-13, 'Japan', NULL, 2025-08-28 14:52:03),
(939, 'Kathryn', 'Quinn', 'kathryn.quinn923@hotmail.com', '+1-267-3241-3439', 'US10000923', 1989-11-18, 'USA', NULL, 2025-08-28 14:52:03),
(940, 'Mary', 'Frost', 'mary.frost924@yahoo.com', '+81-135-4823-3098', 'TZ10000924', 1980-04-27, 'Japan', NULL, 2025-08-28 14:52:03),
(941, 'Charles', 'Brown', 'charles.brown925@gmail.com', '+1-145-7777-6121', 'US10000925', 2001-11-05, 'USA', NULL, 2025-08-28 14:52:03),
(942, 'Timothy', 'Taylor', 'timothy.taylor926@hotmail.com', '+82-785-1972-1921', 'M10000926', 1978-10-24, 'South Korea', NULL, 2025-08-28 14:52:03),
(943, 'Harold', 'Rivers', 'harold.rivers927@gmail.com', '+86-346-7073-6713', 'G10000927', 1995-08-15, 'China', NULL, 2025-08-28 14:52:03),
(944, 'Tamara', 'Lopez', 'tamara.lopez928@gmail.com', '+61-650-1070-7838', 'PA10000928', 1994-04-04, 'Australia', NULL, 2025-08-28 14:52:03),
(945, 'Catherine', 'Turner', 'catherine.turner929@yahoo.com', '+1-404-8260-4358', 'US10000929', 2000-07-19, 'USA', NULL, 2025-08-28 14:52:03),
(946, 'Maria', 'Gross', 'maria.gross930@hotmail.com', '+81-724-6459-1103', 'TZ10000930', 1985-11-18, 'Japan', NULL, 2025-08-28 14:52:03),
(947, 'Brett', 'Harper', 'brett.harper931@gmail.com', '+82-398-4051-2644', 'M10000931', 2000-05-12, 'South Korea', NULL, 2025-08-28 14:52:03),
(948, 'Amanda', 'Jones', 'amanda.jones932@gmail.com', '+1-343-3429-9728', 'US10000932', 1975-04-05, 'USA', NULL, 2025-08-28 14:52:03),
(949, 'Jessica', 'Clay', 'jessica.clay933@yahoo.com', '+81-750-2139-8648', 'TZ10000933', 2000-01-25, 'Japan', NULL, 2025-08-28 14:52:03),
(950, 'Gary', 'Johnston', 'gary.johnston934@gmail.com', '+1-258-1300-6178', 'US10000934', 1967-12-18, 'USA', NULL, 2025-08-28 14:52:03),
(951, 'Judith', 'Wall', 'judith.wall935@hotmail.com', '+44-264-3161-9672', 'UK10000935', 1980-10-07, 'UK', NULL, 2025-08-28 14:52:03),
(952, 'Steven', 'Taylor', 'steven.taylor936@hotmail.com', '+82-433-6039-2721', 'M10000936', 1997-12-19, 'South Korea', NULL, 2025-08-28 14:52:03),
(953, 'Robert', 'Hendricks', 'robert.hendricks937@hotmail.com', '+82-245-6681-2485', 'M10000937', 1992-07-10, 'South Korea', NULL, 2025-08-28 14:52:03),
(954, 'Chloe', 'Cooper', 'chloe.cooper938@yahoo.com', '+44-108-1419-5452', 'UK10000938', 1991-05-22, 'UK', NULL, 2025-08-28 14:52:03),
(955, 'Jessica', 'Collins', 'jessica.collins939@gmail.com', '+1-834-3992-1556', 'US10000939', 1985-04-17, 'USA', NULL, 2025-08-28 14:52:03),
(956, 'Bradley', 'Gutierrez', 'bradley.gutierrez940@naver.com', '+82-298-1509-9103', 'M10000940', 1984-07-13, 'South Korea', NULL, 2025-08-28 14:52:03),
(957, 'Tanya', 'Olsen', 'tanya.olsen941@naver.com', '+1-385-9591-2370', 'US10000941', 1991-09-18, 'USA', NULL, 2025-08-28 14:52:03),
(958, 'Julian', 'Proctor', 'julian.proctor942@yahoo.com', '+82-218-6991-8252', 'M10000942', 1994-09-03, 'South Korea', NULL, 2025-08-28 14:52:03),
(959, 'Laura', 'Dixon', 'laura.dixon943@gmail.com', '+81-560-6684-8116', 'TZ10000943', 1969-01-11, 'Japan', NULL, 2025-08-28 14:52:03),
(960, 'Anthony', 'Abbott', 'anthony.abbott944@naver.com', '+1-113-6386-1901', 'US10000944', 1978-09-26, 'USA', NULL, 2025-08-28 14:52:03),
(961, 'Christian', 'Day', 'christian.day945@hotmail.com', '+82-624-6422-2989', 'M10000945', 1964-05-25, 'South Korea', NULL, 2025-08-28 14:52:03),
(962, 'Robert', 'Nelson', 'robert.nelson946@gmail.com', '+82-111-3420-6587', 'M10000946', 1981-01-13, 'South Korea', NULL, 2025-08-28 14:52:03),
(963, 'Andrew', 'Leonard', 'andrew.leonard947@gmail.com', '+82-950-3749-4344', 'M10000947', 1977-03-03, 'South Korea', NULL, 2025-08-28 14:52:03),
(964, 'Francisco', 'White', 'francisco.white948@hotmail.com', '+82-468-4097-1790', 'M10000948', 1997-06-16, 'South Korea', NULL, 2025-08-28 14:52:03),
(965, 'Joseph', 'Curtis', 'joseph.curtis949@gmail.com', '+82-306-5754-4256', 'M10000949', 1993-08-07, 'South Korea', NULL, 2025-08-28 14:52:03),
(966, 'Robert', 'Anderson', 'robert.anderson950@yahoo.com', '+82-393-2829-1324', 'M10000950', 1998-08-11, 'South Korea', NULL, 2025-08-28 14:52:03),
(967, 'Stephen', 'Smith', 'stephen.smith951@gmail.com', '+44-625-7737-9094', 'UK10000951', 1977-09-17, 'UK', NULL, 2025-08-28 14:52:03),
(968, 'Joyce', 'Marshall', 'joyce.marshall952@yahoo.com', '+82-409-8308-2499', 'M10000952', 2004-11-11, 'South Korea', NULL, 2025-08-28 14:52:03),
(969, 'Kerry', 'Smith', 'kerry.smith953@gmail.com', '+82-224-5151-7740', 'M10000953', 1994-09-15, 'South Korea', NULL, 2025-08-28 14:52:03),
(970, 'Judith', 'Larson', 'judith.larson954@hotmail.com', '+82-464-6211-3925', 'M10000954', 1999-04-15, 'South Korea', NULL, 2025-08-28 14:52:03),
(971, 'Michelle', 'Morgan', 'michelle.morgan955@naver.com', '+44-369-6761-7599', 'UK10000955', 1997-05-10, 'UK', NULL, 2025-08-28 14:52:03),
(972, 'Jean', 'Smith', 'jean.smith956@naver.com', '+81-656-8071-2365', 'TZ10000956', 1974-08-20, 'Japan', NULL, 2025-08-28 14:52:03),
(973, 'Steven', 'Smith', 'steven.smith957@hotmail.com', '+82-734-6464-1956', 'M10000957', 1965-09-19, 'South Korea', NULL, 2025-08-28 14:52:03),
(974, 'Kelly', 'Stewart', 'kelly.stewart958@yahoo.com', '+1-416-7543-5694', 'US10000958', 1989-02-14, 'USA', NULL, 2025-08-28 14:52:03),
(975, 'Jocelyn', 'Michael', 'jocelyn.michael959@hotmail.com', '+82-355-9214-7985', 'M10000959', 1993-01-02, 'South Korea', NULL, 2025-08-28 14:52:03),
(976, 'Lisa', 'Crawford', 'lisa.crawford960@gmail.com', '+1-440-7748-3287', 'US10000960', 1983-08-07, 'USA', NULL, 2025-08-28 14:52:03),
(977, 'Christina', 'Ryan', 'christina.ryan961@hotmail.com', '+81-584-6776-5938', 'TZ10000961', 1995-06-06, 'Japan', NULL, 2025-08-28 14:52:03),
(978, 'Caitlin', 'Strickland', 'caitlin.strickland962@hotmail.com', '+1-432-8186-5243', 'US10000962', 1998-11-01, 'USA', NULL, 2025-08-28 14:52:03),
(979, 'Stacey', 'Green', 'stacey.green963@yahoo.com', '+82-526-4935-8124', 'M10000963', 1967-12-27, 'South Korea', NULL, 2025-08-28 14:52:03),
(980, 'Judy', 'Bridges', 'judy.bridges964@naver.com', '+49-309-5285-7108', 'C10000964', 1998-04-24, 'Germany', NULL, 2025-08-28 14:52:03),
(981, 'Kristin', 'Morgan', 'kristin.morgan965@naver.com', '+81-373-6588-5733', 'TZ10000965', 1977-05-02, 'Japan', NULL, 2025-08-28 14:52:03),
(982, 'Brianna', 'Nelson', 'brianna.nelson966@gmail.com', '+82-340-3958-9669', 'M10000966', 1964-01-22, 'South Korea', NULL, 2025-08-28 14:52:03),
(983, 'Charles', 'Chen', 'charles.chen967@naver.com', '+1-348-8330-3574', 'US10000967', 1992-02-05, 'USA', NULL, 2025-08-28 14:52:03),
(984, 'Gloria', 'Moore', 'gloria.moore968@yahoo.com', '+61-221-8452-6913', 'PA10000968', 1971-06-26, 'Australia', NULL, 2025-08-28 14:52:03),
(985, 'Joshua', 'Collins', 'joshua.collins969@naver.com', '+1-688-6345-6962', 'CA10000969', 2004-08-28, 'Canada', NULL, 2025-08-28 14:52:03),
(986, 'Melanie', 'Oconnor', 'melanie.oconnor970@hotmail.com', '+1-750-7388-5254', 'US10000970', 1989-04-14, 'USA', NULL, 2025-08-28 14:52:03),
(987, 'Gregory', 'Taylor', 'gregory.taylor971@hotmail.com', '+82-696-1543-3083', 'M10000971', 2002-05-18, 'South Korea', NULL, 2025-08-28 14:52:03),
(988, 'Nathan', 'Roberts', 'nathan.roberts972@hotmail.com', '+1-265-7876-2373', 'CA10000972', 1979-02-12, 'Canada', NULL, 2025-08-28 14:52:03),
(989, 'Kaitlyn', 'Johnson', 'kaitlyn.johnson973@naver.com', '+82-985-1401-6814', 'M10000973', 1954-03-01, 'South Korea', NULL, 2025-08-28 14:52:03),
(990, 'Phillip', 'Raymond', 'phillip.raymond974@yahoo.com', '+82-148-2294-6264', 'M10000974', 2001-04-04, 'South Korea', NULL, 2025-08-28 14:52:03),
(991, 'Briana', 'Morrison', 'briana.morrison975@yahoo.com', '+82-263-9907-6123', 'M10000975', 1988-11-26, 'South Korea', NULL, 2025-08-28 14:52:03),
(992, 'Callum', 'Hopkins', 'callum.hopkins976@hotmail.com', '+44-422-5024-3907', 'UK10000976', 1989-10-06, 'UK', NULL, 2025-08-28 14:52:03),
(993, 'Curtis', 'Walsh', 'curtis.walsh977@hotmail.com', '+1-642-5233-6973', 'US10000977', 1982-06-27, 'USA', NULL, 2025-08-28 14:52:03),
(994, 'Michael', 'Peterson', 'michael.peterson978@yahoo.com', '+82-731-4131-2201', 'M10000978', 1975-12-11, 'South Korea', NULL, 2025-08-28 14:52:03),
(995, 'Madison', 'Hendricks', 'madison.hendricks979@hotmail.com', '+1-355-8196-6996', 'US10000979', 2002-03-04, 'USA', NULL, 2025-08-28 14:52:03),
(996, 'Todd', 'Watson', 'todd.watson980@hotmail.com', '+82-564-6959-3451', 'M10000980', 1986-11-19, 'South Korea', NULL, 2025-08-28 14:52:03),
(997, 'Stephanie', 'Wallace', 'stephanie.wallace981@naver.com', '+82-502-8152-1719', 'M10000981', 1997-05-28, 'South Korea', NULL, 2025-08-28 14:52:03),
(998, 'Austin', 'Rogers', 'austin.rogers982@hotmail.com', '+86-927-7819-6392', 'G10000982', 1987-04-14, 'China', NULL, 2025-08-28 14:52:03),
(999, 'Russell', 'Rhodes', 'russell.rhodes983@hotmail.com', '+82-419-6324-6458', 'M10000983', 1996-02-16, 'South Korea', NULL, 2025-08-28 14:52:03),
(1000, 'Karen', 'Long', 'karen.long984@naver.com', '+86-899-3305-6763', 'G10000984', 1991-08-25, 'China', NULL, 2025-08-28 14:52:03),
(1001, 'Anita', 'Brown', 'anita.brown985@gmail.com', '+82-759-1260-3708', 'M10000985', 1955-03-25, 'South Korea', NULL, 2025-08-28 14:52:03),
(1002, 'Philip', 'Freeman', 'philip.freeman986@yahoo.com', '+82-968-8525-5608', 'M10000986', 1998-12-23, 'South Korea', NULL, 2025-08-28 14:52:03),
(1003, 'Elizabeth', 'Rose', 'elizabeth.rose987@naver.com', '+82-810-4061-8460', 'M10000987', 1983-06-26, 'South Korea', NULL, 2025-08-28 14:52:03),
(1004, 'Elizabeth', 'Brown', 'elizabeth.brown988@hotmail.com', '+1-474-7715-3841', 'CA10000988', 1987-04-12, 'Canada', NULL, 2025-08-28 14:52:03),
(1005, 'Kayla', 'White', 'kayla.white989@naver.com', '+86-927-4092-3239', 'G10000989', 1994-10-21, 'China', NULL, 2025-08-28 14:52:03),
(1006, 'Kristin', 'Hill', 'kristin.hill990@naver.com', '+82-991-6517-9567', 'M10000990', 1986-04-27, 'South Korea', NULL, 2025-08-28 14:52:03),
(1007, 'David', 'Brandt', 'david.brandt991@gmail.com', '+33-550-5698-1755', 'FR10000991', 1999-09-26, 'France', NULL, 2025-08-28 14:52:03),
(1008, 'George', 'Cox', 'george.cox992@hotmail.com', '+33-353-6043-5245', 'FR10000992', 1995-11-03, 'France', NULL, 2025-08-28 14:52:03),
(1009, 'Joseph', 'Hernandez', 'joseph.hernandez993@naver.com', '+81-807-9352-1917', 'TZ10000993', 1979-09-05, 'Japan', NULL, 2025-08-28 14:52:03),
(1010, 'Michael', 'Smith', 'michael.smith994@naver.com', '+82-512-3811-9513', 'M10000994', 1992-01-22, 'South Korea', NULL, 2025-08-28 14:52:03),
(1011, 'Richard', 'Miller', 'richard.miller995@naver.com', '+1-822-1797-7108', 'US10000995', 1978-10-12, 'USA', NULL, 2025-08-28 14:52:03),
(1012, 'Amy', 'Gonzales', 'amy.gonzales996@gmail.com', '+1-823-4305-3089', 'US10000996', 1980-05-01, 'USA', NULL, 2025-08-28 14:52:03),
(1013, 'Douglas', 'Collins', 'douglas.collins997@naver.com', '+81-786-3465-7756', 'TZ10000997', 1981-09-02, 'Japan', NULL, 2025-08-28 14:52:03),
(1014, 'Darrell', 'Anderson', 'darrell.anderson998@yahoo.com', '+82-137-1408-9381', 'M10000998', 1979-10-12, 'South Korea', NULL, 2025-08-28 14:52:03),
(1015, 'Bethany', 'Frost', 'bethany.frost999@yahoo.com', '+1-695-3122-4042', 'US10000999', 1981-04-03, 'USA', NULL, 2025-08-28 14:52:03);

-- tickets table data
DELETE FROM `tickets`;
INSERT INTO `tickets` (`ticket_id`, `booking_id`, `flight_id`, `passenger_id`, `seat_number`, `class`, `price`, `baggage_allowance`, `meal_preference`, `check_in_status`, `boarding_pass`) VALUES
(1, 'ABC123', 1, 1, '23A', 'ECONOMY', 1250.00, 23, NULL, 0, NULL),
(2, 'DEF456', 1, 2, '23B', 'ECONOMY', 1180.00, 23, NULL, 0, NULL),
(3, 'GHI789', 4, 3, '15C', 'BUSINESS', 2800.00, 32, NULL, 0, NULL),
(4, 'JKL012', 2, 4, '35F', 'ECONOMY', 1350.00, 23, NULL, 0, NULL),
(5, 'MNO345', 3, 5, '12A', 'BUSINESS', 3200.00, 32, NULL, 0, NULL),
(6, 'PQR678', 6, 6, '1A', 'FIRST', 5500.00, 40, NULL, 0, NULL),
(7, 'STU901', 8, 7, '3B', 'BUSINESS', 4200.00, 32, NULL, 0, NULL),
(8, 'VWX234', 9, 8, '3C', 'BUSINESS', 4100.00, 32, NULL, 0, NULL),
(9, 'YZA567', 5, 9, '45D', 'ECONOMY', 1450.00, 23, NULL, 0, NULL),
(10, 'BCD890', 7, 10, '2A', 'FIRST', 6200.00, 40, NULL, 0, NULL);

